Lat,Lon,Count,Name
-33.773824,151.112650,50,Macquarie University & Australian Astronomical Observatory
32.780208,-105.819749,37,Apache Point Observatory-New Mexico State University
55.922879,-3.188129,15,Royal Observatory Edinburgh
40.331755,-74.668064,85,Institute for Advanced Study
29.564646,106.466125,1,Institute of Physics Universidad de Gua
32.232968,-110.948412,190,Steward Observatory University of Arizo
42.360750,-71.093125,90,The Kavli Institute for Astrophysics and
34.068921,-118.445181,30,University of California Los Angeles
52.941649,-1.191360,23,UNIVERSITY OF NOTTINGHAM School of Physi
48.146020,11.606740,11,University Observatory Munich
40.810057,-73.962006,64,Columbia University Astrophysics Laboratory 
59.362765,18.059268,57,Stockholm University Astrobiology Centre
48.583233,7.767844,7,Centre de Donnees astronomiques de Stras
47.564732,7.578729,4,Physics Department University of Basel
42.359139,-83.066546,3,Wayne State University
50.729950,7.069310,103,Argelander-Institute for Astronomy
-25.889999,27.685278,5,Hartebeesthoek Radio Astronomy Observatory
57.688368,11.977758,12,Chalmers University of Technology
42.317731,-83.231702,1,University of Michigan-Dearborn
51.540812,9.937401,10,Hamburg Observatory or University of Goettingen
38.912020,-76.847705,2,University of Maryland University Colleg
36.302537,-82.370193,5,East Tennesee State University
52.160603,4.486051,133,Various Universities in the Netherlands
48.259583,11.670955,214,European Organisation for Astronomical R
42.381461,-71.128166,338,Smithsonian Astrophysical Observatory
45.644716,13.774227,4,INAF/Osservatorio Astronomico di Trieste
19.096693,74.049576,11,National Centre for Radio Astrophysics -
48.845553,2.378223,4,AGENCE NATIONAL DE LA RECHERCHE (FRANCE)
41.379779,-83.630083,4,Bowling Green State University
42.730172,-73.678803,9,New York Center for Astrobiology Rensselaer Polytechnic Institute
45.194282,5.761604,24,Laboratoire d'Astrophysique de Grenoble 
38.035560,-78.514857,44,Department of Astronomy University of V
45.447680,-75.618749,18,IRAP
52.403978,13.102028,81,Leibniz Institute for Astrophysics Potsdam (AIP) and University of Potsdam
40.798213,-77.859908,106,The Pennsylvania State University
38.538232,-121.761713,30,UC Davis
28.700940,77.272105,1,Division of Galaxy and CosmologyNationa
28.474623,-16.308093,93,INSTITUTO DE ASTROFISICA DE CANARIAS
39.952110,-75.189798,39,Dept. of Physics and Astronomy Universi
34.069620,-106.907146,183,National Radio Astronomy Observatory - J
41.686047,-73.897343,3,Vassar College
41.826772,-71.402548,7,Brown University
48.834980,2.335289,56,Institut d'Astrophysique de Paris - UPMC
37.871899,-122.258540,182,UNIVERSITY OF CALIFORNIA BERKELEY
50.925268,11.582920,2,Astrophysical Institute University Jena
54.346055,10.114702,3,University of Kiel Germany
38.986918,-76.942554,60,University of Maryland College Park
41.556610,-72.656904,11,Wesleyan University
50.797601,-1.098163,30,Institute of Cosmology & Gravitation
52.621139,-1.124632,27,University of Leicester UK
53.235253,-2.307230,28,SKA Organisation
40.823648,-73.238649,2,Renaissance Technologies LLC
30.847787,-83.289567,1,Valdosta State University
14.077374,101.857909,2,SAO
51.046562,3.727918,7,Universiteit Gent
48.733508,-122.487302,4,Western Washington University
-32.998596,148.262437,29,Australia Telescope National Facility - 
51.445666,7.261609,5,Ruhr-University Bochum
31.868931,-116.665935,1,INSTITUTO DE ASTRONOMIA OBSERVATORIO AS
33.973706,-117.328064,27,University of California Riverside
52.213020,21.067812,27,Nicolaus Copernicus Astronomical Center
31.794558,35.241401,12,The Hebrew University of Jerusalem
32.125185,118.960047,1,school of astronomy and space science nanjing university
43.784127,-79.186846,4,University of Toronto at Scarborough
39.414546,-81.449107,1,Marietta Colelge
30.284918,-97.734057,37,University of Texas as Austin
33.498344,-80.850149,1,South Carolina State University
37.408866,-122.064426,56,RIACS at NASA Ames Research Center
38.831554,-77.312089,10,George Mason University
55.697987,12.562989,40,NIELS BOHR INSTITUTE (DARK COSMOLOGY CEN
50.877954,4.700295,4,Catholic University of Leuven
39.999273,116.310699,38,The Kavli Institute for Astronomy and As
38.903018,-77.038134,58,American Astronomical Society
43.930415,5.713620,1,Haute Provence Observatory
37.868435,-122.298021,3,University of California Berkeley - Spa
21.307192,-157.811614,121,University of Hawaii Institute for Astronomy
48.707112,2.179344,15,Laboratoire de physique th
34.724057,-92.338887,3,University of Arkansas at Little Rock
46.818661,-92.083567,1,University of Minnesota-Duluth
56.168138,10.203012,3,The Stellar Astrophysics Centre at the Department of Physics and Astronomy Aarhus University
41.629293,-71.006156,2,University of Massachusetts Dartmouth
40.006652,-75.305318,6,Haverford College
37.231419,-118.294081,1,Owens Valley Radio Observatory
43.660584,-79.398515,101,Canadian Institute for Theoretical Astrophysics
50.727643,7.098186,5,Sternwarte Bonn
45.471580,9.188919,8,INAF - Osservatorio Astronomico di Brera
-35.277700,149.118527,91,The Australian National University (ANU)
39.393796,-76.609189,2,Towson University
48.728845,2.148814,60,CEA/Saclay
42.283734,-85.610251,2,Western Michigan University
37.596195,127.052544,2,Kyung Hee University Korea
40.031528,-105.245847,6,High Altitude Observatory NCAR
42.701848,-84.482172,31,Michigan State University / Joint Institute for Nuclear Astrophysics
1.307096,103.772285,2,Yale-NUS College
59.938584,10.717949,36,Institute of Theoretical Astrophysics
38.954344,-95.255796,7,University of Kansas
-23.023434,-67.753833,23,Joint ALMA Observatory 
34.258361,-116.921254,3,BBSO/NJIT
35.998587,-79.920502,1,Guilford Technical Community College
48.847604,2.263993,1,Centre National de la Recherche Scientif
51.524067,-0.040375,15,Queen Mary University of London
34.137658,-118.125269,315,California Institute of Technology/Infrared Processing & Analysis Center
38.648789,-90.310796,2,Washington University in St. Louis
38.829930,-77.119139,2,Institute for Defense Analyses
49.388030,8.709520,3,International Max Planck Reserach School Heidelberg
52.354460,4.955891,43,Astronomical Institute Anton Pannekoek University of Amsterdam
39.163100,-76.899428,2,The Johns Hopkins Universtiy Applied Phy
49.401788,8.727963,125,MAX PLANCK-INSTITUTE FOR ASTRONOMY
-33.917347,151.231268,13,The University of New South Wales
25.756576,-80.373949,2,Florida International University
38.940381,-92.327738,9,University of Missouri-Columbia
40.764937,-111.842102,20,The University of Utah
36.400214,127.374020,41,Korea Astronomy and Space Science Institute
37.228384,-80.423417,8,Virginia Tech
26.304004,-98.173812,1,The University of Texas Pan American
35.902167,139.937990,18,Kavli Institute for the Physics and Mathematics of the Universe
40.729513,-73.996461,21,NEW YORK UNIVERSITY
41.866333,-87.606783,12,The Adler Planetarium
44.939763,-93.168729,5,Macalester College
34.201308,-118.171394,64,Jet Propulsion Laboratory/Caltech
41.919381,-72.685616,1,Hamilton Sundstrand
41.922528,12.452227,5,INAF - Istituto di Radioastronomia
44.105722,-70.202186,3,Bates College
40.423705,-86.921195,26,Purdue University
38.054020,-78.535427,3,Institute of Astronomy National Central
43.465426,-80.528111,31,Perimeter Institute for Theoretical Phys
36.991386,-122.060872,64,Univ. of California at Santa Cruz
41.705572,-86.235339,16,Univ. of Notre Dame
34.128008,-118.147665,34,TMT Observatory Corporation
34.413963,-119.848947,56,University of California at Santa Barbar
33.792519,-84.323999,2,Emory University
35.202895,-111.664643,33,Lowell Observatory
39.021667,-84.568076,1,Thomas More College
54.584409,-5.934049,22,Queens University Belfast
-33.444520,-70.650928,78,Yale University/Universidad de Chile
53.523219,-113.526319,12,University of Alberta
52.214136,0.093450,69,DEPARTMENT OF ASTRONOMY INSTITUTE OF PH
-33.888584,151.187347,29,University of Sydney
37.427475,-122.169719,23,Stanford University Kavli Institute for
-33.796423,151.145241,58,Australian Astronomical Observatory (AAO
34.184746,-118.576148,2,Los Angeles Pierce College
42.250680,-83.624089,2,Eastern Michigan University
53.380941,-1.487947,9,University of Sheffield
32.429984,-99.750431,1,McMurry University
32.880060,-117.234014,28,University of California San Diego (UCS
39.197444,-96.584725,2,Kansas State University
-37.911473,145.134464,25,Monash University Clayton Victoria Au
18.402789,-66.049805,1,University of Puerto Rico Rio Piedras C
32.709530,-97.362795,2,Texas Christian University
43.562515,1.476059,11,CENTRE D'ETUDE SPATIALE DES RAYONNEMENTS
53.331342,-6.245638,20,Dublin Insititue for Advanced Studies A
19.823819,-155.468904,156,AURA/Gemini Observatory
38.921674,-77.066884,10,U.S. Naval Observatory
37.968948,-122.071291,1,Diablo Valley College
53.403402,-2.971285,32,Liverpool John Moores University
38.709240,-90.308281,4,University of Missouri - St. Louis
38.992857,-76.853895,46,NASA/GSFC
39.677950,-75.750611,4,University of Delaware
41.504341,-81.608384,19,Case Western Reserve University
52.090153,5.122602,8,Astronomical Institute of Utrecht Univer
27.525152,-97.882455,1,Texas A&M University-Kingsville
37.086247,-76.380880,1,NASA   Science Mission Directorate
40.811050,-81.933619,3,The College of Wooster
33.640495,-117.844296,33,University of California Irvine Departm
18.906675,72.805132,6,NCRA-TIFR
43.076592,-89.412487,36,University of Wisconsin-Madison
39.329901,-76.620518,259,The Johns Hopkins University
40.114916,-88.224864,60,NCSA/UofI
44.233881,-76.467505,1,Royal Military College of Canada
47.376313,8.547670,78,ETH Zurich
48.002287,7.851533,4,1. Physikalisches Institut der Universit
33.417969,-111.928501,8,School of Earth and Space Exploration wi
43.945872,-78.896738,7,Various Canadian Universities
42.817017,-73.929805,2,Union College
53.806682,-1.555033,18,The University of Leeds
54.767003,-1.573952,24,UNIVERSITY OF DURHAM DEPARTMENT OF PHYS
19.326148,-99.177861,30,Instituto de Astronomía Universidad Nacional Autónoma de México (UNAM)
28.073540,-82.437359,3,University of Colorado at Boulder Cente
41.842185,-88.075894,1,College of DuPage
52.217917,4.420150,2,Space Research Organization of the Nethe
42.457996,-71.274312,3,AFRL Hanscom Air Force Base
53.003437,-2.272053,16,Keele University
42.484138,-76.484608,1,Comisi
34.182179,-117.323532,2,California State University San Bernardi
42.448809,-76.481152,47,Astronomy & Space Science Department Se
59.850900,17.630009,8,Dept of Astronomy & Space Physics Uppsa
40.016300,-105.281349,47,Southwest Research Institute - Boulder 
46.865905,-96.762332,1,Minnesota State University Moorhead
39.951865,-75.599993,4,West Chester University
50.982760,11.710550,2,Thuringian State Observatory Tautenburg Germany
48.529478,9.043774,10,University of Tuebingen
34.726523,-86.639696,16,University of Alabama in Huntsville - Center for Space Plasma and Aeronomic Research
18.346402,-66.752820,23,NAIC/Arecibo Observatory
46.728812,-117.012608,1,University of Idaho
40.206103,-85.406986,6,Ball State University
64.139620,-21.951890,11,University of Iceland
51.761756,-0.246800,39,University of Hertfordshire
35.184017,-111.740416,9,US Naval Observatory Flagstaff Station
26.883827,-80.114861,4,Max-Planck-Society
51.455643,7.011555,1,E
40.892883,29.374867,2,SABANCI UNIVERSITY ISTANBUL
35.904912,-79.046913,18,University of North Carolina
34.047863,100.619655,3,ASIAA
53.761924,-2.708439,13,University of Central Lancashire UK
30.713198,-95.550357,2,Sam Houston State University
42.029408,-93.647402,9,Department of Physics and Astronomy Iow
43.210018,-77.950733,1,SUNY College at Brockport
-33.313591,26.516313,4,Rhodes University / SKA South Africa
34.671167,-82.838708,5,Clemson University
38.793098,-89.997945,1,Southern Illinois University Edwardsvill
38.982066,-76.483941,3,United States Naval Academy
47.655335,-122.303520,44,University Affiliated Research Center @ 
50.925007,6.932904,23,Universitaet zu Koeln I. Physikalisches
37.724959,-122.462108,16,Astronomical Society of the Pacific
29.643632,-82.354930,40,University of Florida
52.025091,-0.710477,8,The Open University
40.444353,-79.960835,50,UNIVERSITY OF PITTSBURGH
51.892110,-8.493274,1,University College Cork
29.359491,79.458435,2,Aryabhatta Research Institute for Observ
42.278044,-83.738224,65,UNIVERSITY OF MICHIGAN
35.153491,136.967573,1,University of Oxford and Nagoya Universi
18.559163,73.825689,14,Inter-University Center for Astronomy an
20.019528,-155.672025,16,Canada-France-Hawaii Telescope Corporati
41.788608,-87.598713,79,Fermilab and University of Chicago
45.680280,13.774063,6,International School for Advanced Studie
45.729835,4.826911,2,ENS-Lyon
35.675224,139.537814,40,The National Astronomical Observatory of
51.486627,-3.178864,35,Cardiff University
29.452223,-98.610117,4,Southwest Research Institute
50.867090,-0.087914,20,UNIVERSITY OF SUSSEX
39.636140,-79.955936,23,West Virginia University
-36.829476,-73.034183,37,Univ. de Concepcion Chile
40.055224,-75.524009,1,Siemens Medical Solutions
52.069229,4.349349,9,EUROPEAN NETWORK FOR THE EXPLORATION OF 
20.798363,-156.331925,1,Maui Scientific Research Center Univers
-33.942861,18.489277,24,SKA SA Cape Town
38.944674,-77.065634,9,University of the District of Columbia
38.212034,-85.757265,7,Univ. Louisville
42.796092,-77.823703,2,SUNY Geneseo
38.710457,-9.187423,1,Observatorio Astron
53.466850,-2.233884,37,The University of Manchester
40.269142,-74.777439,1,The College of New Jersey
43.816052,-91.231152,1,University of Wisconsin - La Crosse
35.623668,-88.829864,1,Lambuth University
42.056459,-87.675267,38,Northwestern University
38.961295,-77.086473,4,Several Universities and Research Center
40.441905,-3.686768,1,Instituto de Estructura de la Materia. C
33.079888,-83.231805,1,Georgia College & State University
46.519056,6.566758,7,Ecole Polytechnique Federale de Lausanne (EPFL)
-33.957652,18.461199,17,University of Cape Town
34.155989,-118.133663,76,Carnegie Observatories and Princeton Uni
40.742334,-74.179341,5,NJIT
41.838406,-88.261455,30,FERMI NATIONAL ACCELERATOR LABORATORY
37.420191,-122.204551,25,SLAC National Accelerator Laboratory
43.581909,-84.775636,1,Central Michigan University
31.958048,-111.600559,9,WIYN Observatory
30.562997,-90.774206,3,Caltech/LIGO
29.452338,-98.564098,13,St Mary's University
46.781746,-71.274742,3,Universite Laval
-37.822150,145.038955,75,Swinburne University
32.420549,-81.786535,8,Georgia Southern University
43.343471,5.436574,32,LABORATOIRE d'ASTROPHYSIQUE DE MARSEILLE
43.750549,11.254410,5,Arcetri Astrophysical Observatory
-27.495431,153.012030,7,University of Queensland
38.822204,-77.019723,34,Naval Research Lab
53.219263,6.562987,19,Universities of Amsterdam Groningen Le
24.523895,54.434556,6,NYU Abu Dhabi
33.453538,-112.073122,36,Arizonat State University
31.188408,121.433970,25,Shanghai Astronomical Observatory
51.754816,-1.254367,83,University of Oxford
29.717394,-95.401831,9,Rice University
41.463939,-87.043889,8,Valparaiso University Department of Phy
25.021321,121.538257,35,Academia Sinica Institute of Astronomy and Astrophysics
34.432724,-119.863365,11,UCSB / LCOGT
47.538572,8.229908,1,Paul Scherrer Institute Switzerland
43.594376,1.450649,2,Toulouse University
-19.327573,146.758062,3,James Cook University
40.601815,-74.148490,4,College of Staten Island - CUNY
42.838739,-91.797783,1,Upper Iowa University
35.844058,-106.287162,28,Los Alamos National Lab
32.701441,-109.889230,21,Large Binocular Telescope Observatory
51.023394,-3.078752,2,The United Kingdom Hydrographic Office 
49.807501,-97.136626,5,The University of Manitoba
19.701662,-155.089856,27,Joint Astronomy Centre
52.784998,4.674562,3,NETHERLANDS FOUNDATION FOR RESEARCH IN A
51.171836,-0.420791,16,MSSL/University College London
33.214023,-87.539142,10,University of Alabama
38.030651,-84.503970,10,University of Kentucky
35.307093,-80.735164,1,University of North Carolina at Charlotte
41.316324,-72.922343,70,Yale University
43.086102,-77.670514,32,The Rochester Institute of Technology
55.699046,37.359593,2,The Skolkovo Institute of Science and Technology
36.660897,-121.808733,1,Monterey Institute for Research in Astro
52.813358,6.396031,25,ASTRON/Netherlands Foundation for Resear
41.192445,-111.941874,2,Weber State University
50.609049,3.138063,1,LILLE UNIVERSITY PhLAM
-32.006195,115.894418,6,Curtin University
46.105016,-64.782085,1,Universite de Moncton
55.944516,-3.189241,27,University of Edinburgh Scotland UK
39.729021,-89.617654,2,University of Illinois at Springfield
43.719601,10.400330,7,Scuola Normale Superiore di Pisa
40.004277,116.384912,18,National Astronomical Observatories CAS 
25.719168,-80.277125,3,University of Miami
33.910125,-118.381696,3,COM DEV
38.432987,-79.839857,3,NRAO Robert C. Byrd Green Bank Telescope
38.992169,-76.881386,1,SP Systems Inc.
32.985762,-96.750099,3,University of Texas at Dallas
50.583080,5.559064,1,University of Liege
34.736101,-80.788604,1,University of South Carolina Lancaster 
48.149660,11.567860,7,Technical University Munich Excellence 
40.002787,-83.026862,43,The Ohio State University Department of
40.869580,-74.311798,1,New Jersey YMHA-YWHA Camps
-31.981179,115.819910,10,University of Western Australia (Radio A
19.646852,-101.228403,12,Centro de Radioastronomia y Astrofisica
34.364732,-89.538443,1,University of Mississippi
42.452223,-71.231155,2,Institute for Scientific Research Inc. 
48.463407,-123.311694,17,University of Victoria
44.664310,-74.976106,1,Potsdam University
46.290458,6.150582,1,ISDC & Geneva Observatory
41.500581,2.110147,6,Institut de Ciencies de l'Espai (CSIC-IE
35.848610,-86.364881,3,Middle Tennessee State University
45.505616,-73.613759,7,Universite de Montreal
37.561858,126.946829,2,Institute for the Early Universe/Ewha Un
7.383333,-9.083333,1,NAOC
28.602427,-81.200060,9,University of Central Florida
29.191617,-81.050019,6,Embry-Riddle Aeronautical University
57.396182,11.925783,8,Onsala Space Observatory
48.714297,2.211292,3,Ecole Polytechnique F
41.662181,-91.532231,19,University of Iowa Department of Physics and Astronomy
32.264371,-110.946365,1,Planetary Science Institute
41.718050,-87.978591,8,Argonne National Laboratory
-37.796369,144.961174,20,The University of Melbourne
42.391157,-72.526712,27,University of Massachusetts Amherst
43.009597,-81.273734,15,University of Western Ontario
-25.754942,28.275064,1,National Research Foundation
42.294215,-83.711568,1,Dept of Radio and Space Science
33.948005,-83.377322,9,University of Georgia
28.614458,-80.694108,11,National Aeronautics and Space Administration
47.264773,11.342868,2,Institute of Astro- and Particle Physics Innsbruck
36.594792,-121.891303,1,Astronomical Institutes University of B
40.346556,-74.651663,6,Princeton University Department of Astr
12.926978,77.621214,4,Institute of Astrophysics University of
43.230876,5.441424,2,Centre de Physique des particules de Mar
42.374369,-72.514246,2,THE FIVE COLLEGE ASTRONOMY DEPARTMENT
45.581339,-94.394203,6,College of Saint Benedict/Saint John's U
37.689117,-121.717038,26,Lawrence Livermore National Labs
41.378688,-72.104587,1,Connecticut College
35.205894,-97.445714,10,The University of Oklahoma
46.950490,7.438119,9,University of Bern Center for Space and Habitability
52.087785,5.164216,12,SRON Netherlands Institute for Space Res
33.241048,-95.910376,4,Texas A&M University-Commerce
40.025701,-105.219432,1,Atmospheric & Space Technology Research 
53.566564,9.984619,6,University of Hamburg
34.646608,-86.670040,4,NASA Marshall Space Flight Center
47.922891,-97.076801,4,University of North Dakota
-25.767659,28.199264,1,University of South Africa
39.181838,-76.803048,63,Universities Space Research Association
32.278774,-106.747906,12,New Mexico State University Astronomy De
38.846594,-104.824394,4,Colorado College
35.155084,-89.989287,5,Rhodes College
33.996112,-81.027428,5,University of South Carolina
34.182841,-118.162261,11,California Institute of Technology/Jet P
52.216979,21.027554,1,Warsaw University Observatory
39.324358,-82.101389,7,Ohio University
39.765541,-84.180302,2,Applied Optimization Inc
33.207488,-97.152586,1,University of North Texas
42.081064,-88.072897,1,William Rainey Harper College
48.388913,-4.486751,1,Commissariat 
34.047989,-118.256571,2,Jacobs ESTS Group
64.855757,-147.833542,1,University of Alaska Fairbanks
-30.171645,-70.800857,6,National Optical Astronomy Observatory (NOAO) - Cerro Tololo Inter-American Observatory (CTIO)
39.251835,-76.705714,7,Center for Space Science and Technology University of Maryland Baltimore County 
37.818732,-122.180725,1,Space Science Center (Faculty of Science
32.776143,-117.120638,1,SAN DIEGO COMMUNITY COLLEGE DISTRICT
34.056528,-117.821529,3,California State Polytechnic University
46.813316,9.844422,3,PMOD/WRC
51.239610,6.813200,16, International Max Planck Reserach School 
39.176613,-86.513017,13,Indiana University
36.848016,-76.262085,3,Norfolk State University
40.500819,-74.447399,18,Rutgers The State University of New Jersey
38.936881,-76.998692,5,Dept. of Physics the Catholic University
40.490889,-88.990654,2,Illinois Wesleyan University
51.498800,-0.174877,37,Imperial College
60.415909,22.444605,1,Tuorla Observatory
51.819315,5.856888,23,Radboud University Nijmegen
-33.010580,-71.547838,10,Universidad Andres Bello
35.871522,-97.567243,1,University G
42.718452,-73.752195,5,Siena College
43.532100,-80.226861,1,University of G
43.038222,-87.929755,3,Marquette University
42.815751,-75.540768,6,Colgate University
52.957929,-1.152472,2,NOTTINGHAM TRENT UNIVERSITY
61.191042,-149.819560,7,University of Alaska Anchorage
50.737137,-3.535147,43,University of Exeter United Kingdom
43.130553,-77.626003,17,UNIVERSITY OF ROCHESTER
50.060962,19.934107,2,Jagiellonian University 
4.602844,-74.064843,1,Universidad de los Andes Bogotá Colombia
-33.396170,-70.536979,4,Universidad de Chile - Astronomy Department
40.954883,-76.884732,4,Bucknell University
32.134544,-110.938537,1,National Ecologoical Observatory Network
34.154707,-118.080425,13,GMTO Corporation
38.547276,-106.917765,1,Western State Colorado University
37.341413,-121.642910,10,Observatoire de la C
37.785020,-122.399915,2,The Climate Corporation
45.418383,-75.702869,2,Association of Canadian Universities for
30.441878,-84.298489,5,Florida State University
-34.405404,150.878430,1,University of Wollongong
44.225279,-76.495141,2,Queen's University
41.314875,-105.566574,14,University of Wyoming
43.260879,-79.919225,18,Origins Institute -- McMaster University
52.197756,0.128411,1,University of Cambridge UK and 12 Other
39.033311,-95.701707,1,Washburn University
46.199444,6.145116,2,University of Geneva
46.860067,-113.985208,1,University of Montana
36.107043,-115.142375,25,University of Nevada Las Vegas
43.078263,-87.881969,12,University of Wisconsin -- Milwaukee
32.113314,34.804388,11,Tel Aviv University
35.784663,-78.682095,8,North Carolina State University
52.512532,13.326945,3,Several Institutes in Germany
34.022352,-118.285117,4,University of Southern California
40.047526,-76.317902,8,Franklin & Marshall College
59.342166,18.054675,1,Stockholm Observatory
48.781569,9.172783,2,University of Stuttgart Germany
-27.067377,153.148649,7,CSIRO
38.188880,-83.431178,2,Morehead State University
13.013253,77.581566,1,Raman Research Institute Bangalore Ind
23.034117,72.563678,1,LSW/Enigma
30.412495,-91.178879,17,Louisiana State University/Physics and A
28.064689,-80.623022,15,Florida Institute of Technology
37.200566,-93.280670,8,Missouri State University
49.419140,8.670249,18,University of Heidelberg
32.776778,35.023127,3,Technion
48.517187,-123.421421,1,National Research Council Canada-Herzber
45.783711,4.867234,1,Institut De Physique Nucleaire De Lyon
11.383476,76.665706,30,Centre for Radio Astronomy
47.575258,-122.635213,1,OLYMPIC COLLEGE
46.070580,-118.330635,3,Whitman College
41.559007,-75.777405,1,Keystone College
42.933592,-78.882066,1,Buffalo State College
34.066789,-118.168090,1,California State University Los Angeles 
39.676617,-104.961896,3,University of  Denver
44.974552,-93.236410,19,University of Minnesota Department of A
51.559951,9.948431,9,Max Planck Institute for Solar System Research
21.041078,-101.260832,1,Dept. of Astronomy University of Guanaj
37.721534,-97.286197,2,Wichtia State University
38.435092,-78.869755,11,James Madison University
37.776647,-122.450683,5,University of San Francisco 
46.301895,-73.813367,2,Institut de Ci
-33.044035,-71.617378,10,UNIVERSIDAD DE VALPARAISO CHILE
47.499669,18.964282,1,Konkoly Observatory
37.364875,-120.425400,1,University of California Merced
40.240111,-75.610672,1,DataCeutics Inc.
34.034510,-118.510346,8,The Summer Science Program
40.008959,-105.247867,17,LASP University of Colorado
40.856482,-73.910580,1,Bronx Community College
56.341693,-2.792752,32,University of St Andrews
29.583045,-98.619656,6,University of Texas at San Antonio
45.195026,5.710105,1,GRENOBLE UNIVERSITY LAOG
60.172635,24.951042,6,University of Helsinki
43.773454,-79.501868,10,ESSE/York University
45.039719,7.761858,2,INAF - Osservatorio Astronomico di Torin
47.263354,11.383801,10,University of Innsbruck
-33.375017,-70.505107,1,Universidad Andres Bello Santiago Chile
46.731923,-117.154212,11,Washington State University
40.912376,-73.123389,17,Stony Brook University
36.007926,-114.965482,2,Community College of Southern Nevada
40.517076,-105.014760,1,Numerica Corporation
51.566615,-1.785402,2,Science & Technology Facilities Council.
42.293573,-71.305928,2,Wellesley College
24.969481,121.192516,8,Graduate Institute of Astronomy National Central University
41.155882,-80.078450,1,Grove City College
52.401031,13.011910,4,innoFSPEC Potsdam
-33.933520,18.627958,7,University of the Western Cape
31.903754,34.808031,9,Weizmann Institute of Science
52.379252,-1.561470,17,The University of Warwick
25.316358,51.438599,1,Carnegie Mellon University in Qatar
53.385062,-6.256786,2,Dublin City University
53.240082,6.534250,14,Kapteyn Institute
43.028245,-88.175846,8,Kalmbach Publishing Co. - Astronomy Maga
42.787180,-86.102357,2,Hope College
32.240200,-110.969148,1,Lunar & Planetary Laboratory
51.576524,-1.307669,11,European Space Agency
53.305344,-6.220654,3,University College Dublin
33.639075,-117.719013,50,ASTRON
40.784659,-73.957600,23,Convent of the Sacred Heart
47.409500,8.509438,4,ETH Zurich Department of Physics Insti
49.738191,-123.100412,3,Quest University Canada
51.298460,1.065835,3,University of Kent - School of Physical 
52.333757,4.865720,1,VU University Amsterdam
42.623306,-71.488226,6,MIT Haystack Observatory
32.065927,118.829514,1,Purple Mountain Observatory
51.242301,-0.590483,9,University of Surrey
26.079059,-80.233972,1,Broward College
43.727386,7.299095,9,CNRS Observatoire de la Côte d'Azur
35.379994,-86.236910,1,Jacobs Technology
51.524559,-0.134040,29,University College London (UCL)
35.084319,-106.619781,9,University of New Mexico
51.476853,-0.000500,2,Royal Observatory Greenwich
29.461844,-98.483162,3,Trinity University
41.739005,-74.085166,1,SUNY at New Paltz
47.609228,-122.317714,1,Seattle University
42.513389,-92.462003,1,University of Northern Iowa
-23.559743,-46.733877,1,Instituto de Astronomia Geofisica e Ciencias Atmosfericas
41.179429,-8.595407,1,INESC-Porto
28.757218,-17.885140,2,Nordic Optical Telescope
55.711836,13.204341,16,Lund Observatory Sweden
37.459882,126.951905,10,Seoul National University
40.350039,-74.603034,3,Princeton University Plasma Physics Laboratory
32.783612,-79.937176,8,College of Charleston
33.753068,-84.385282,21,Georgia State University
19.032311,-98.315370,4,INAOE
35.956550,-83.925513,1,Department of Physics and Astronomy The
41.662138,-86.219718,1,Indiana University South Bend
45.666756,-111.049810,9,Montana State University-Bozeman
-23.680637,-70.410266,10,Universidad Catolica del Norte
36.067832,-94.173655,1,University of Arkansas/Fayetteville
39.237141,-84.383335,1,LAM
34.097743,-117.711803,5,Pomona College
35.782182,-78.639556,1,North Carolina Museum of Natural Sciences
40.694197,-73.992897,1,CESR
45.504785,-73.577151,46,Physics Department McGill University
41.630161,-87.738056,8,AURA
33.827976,-118.025093,1,CYPRESS COLLEGE
51.458417,-2.602979,7,University of Bristol
33.455174,-88.794377,6,Mississippi State University
31.838698,117.262170,3,Department of Astronomy University of Science and Technology of China
49.317280,8.416240,1,German Universities
37.528781,15.071755,1,INAF CATANIA ASTROPHYSICAL OBSERVATORY
53.918501,14.259616,1,AURA/GONG
42.505365,-71.557732,19,Harvard College Observatory
38.590184,-76.130161,1,University of Maryland Center for Scien
22.282999,114.137085,22,The University of Hong Kong
38.882902,-77.016375,4,NASA Headquarters
51.078160,-114.135801,3,University of Calgary
25.896071,-97.486480,6,Center for Gravitational Wave Astronomy 
31.675254,-110.951994,6,MMT Observatory
45.694138,4.782878,4,CRAL Observatoire de Lyon
40.251843,-111.649316,5,Brigham Young University
30.678668,-104.025292,39,University of Texas McDonald Observatory
50.666192,4.623548,1,Center for Cosmology The University of 
24.794725,120.993232,8,Institute of Astronomy National Tsing Hua University 
42.919212,-73.237889,3,Bennington College
48.231395,16.334225,1,Institut fuer Astronomie und Astrophysik
-30.237894,-70.733698,3,Southern Astrophysical Research Telescop
53.472649,-2.187427,1,Manchester College
42.859153,-76.984487,3,Hobart and William Smith Colleges
44.496232,11.354157,3,University of Bologna
-43.523538,172.583923,5,University of Canterbury
40.820197,-96.700476,5,University of Nebraska-Lincoln
42.407484,-71.119023,8,Tufts University
41.649349,-80.144949,1,Allegheny College
65.059318,25.466293,7,University of Oulu
33.978419,-107.186534,6,New Mexico Tech/Magdalena Ridge Observat
39.132922,-84.514950,4,University of Cincinnati
52.416282,12.970005,1,Albert Einstein Institute
38.731371,-82.992073,1,Shawnee State University
37.676444,-113.071332,1,Southern Utah University
36.144703,-86.802655,7,Vanderbilt University
36.369987,127.345955,3,Chungnam National University KOREA
41.658031,-83.614070,15,The University of Toledo
45.401901,11.868588,4,INAF Osservatorio Astronomico di Padova
29.552839,-95.093186,1,NASA
43.336962,5.410988,1,Provence University
52.450817,-1.930513,9,University of Birmingham
29.518128,-98.458056,1,CSIC
50.863729,4.678081,1,Centre For Plasma Astrophysics K.U.Leuven Belgium
40.074025,-82.522643,1,Denison University
32.775722,-117.071889,5,San Diego State University
53.167717,8.654265,2,Jacobs University Bremen
43.646374,-79.382101,10,Waterfront International Ltd
-36.852338,174.769107,1,The University of Auckland
39.771128,-104.798705,1,Scitor Corporation
40.549521,-3.687605,2,Instituto de Fisica Teorica (IFT)
49.260605,-123.245994,23,University of British Columbia
17.718171,-64.797745,4,University of the Virgin Islands
38.752504,-9.158510,2,Centre for Astronomy and Astrophysics of the University of Lisbon
38.130723,-122.213623,1,TIARA
44.025319,-88.551021,2,University of Wisconsin Oshkosh
-33.026767,-71.639083,1,Universidad de Valparaiso Facultad de C
-30.721639,21.411077,2,South African Square Kilometre Array Pro
47.490570,19.058544,3,Eotvos University Budapest
39.906841,-75.355648,5,Swarthmore College
39.033554,-94.576026,2,University of Missouri-Kansas City
-41.290402,174.768662,5,Victoria University of Wellington
33.794966,-79.011730,8,Coastal Caorlina University
43.704441,-72.288693,7,Dartmouth College
42.244006,-84.745177,2,Albion College
4.634350,-74.066566,3,Universidad Cat
46.308253,6.134087,7,Geneva Observatory Geneva University
52.035418,8.496345,1,Bielefeld University
33.391607,-111.872039,1,Mesa Community College
49.597880,11.004551,3,University Of Erlangen Nuernberg
35.203942,-82.879359,2,Pisgah Astronomical Research Institute
28.681237,-17.766522,8,Isaac Newton Group of Telescopes
38.339387,-122.674181,5,Sonoma State Unviersity
49.783008,9.970846,3,Universitaet Wuerzburg
40.716568,-73.598534,1,Hofstra University
36.534980,-87.354885,1,Austin Peay State University
45.658667,13.793448,1,Department of Astronomy Trieste Univers
36.213484,-81.684145,4,Appalachian State University
41.280313,-70.104795,4,Nantucket Maria Mitchell Association
40.874791,-72.876301,12,Brookhaven National Laboratory
32.306758,-90.178211,1,USGS
33.475856,-82.022974,1,Augusta State Univeristy
37.562112,-122.286035,1,Computer Sciences Corporation
52.388197,9.710702,2,Max Planck Institute for Gravitational P
40.606909,-75.378283,6,Lehigh University Physics
39.709860,-75.118948,2,Rowan University
51.417208,6.884780,8,Max-Planck-Institut f
33.584259,-101.878282,13,Texas Tech University
38.231380,-122.630680,2,Bay Area Environmental Research Institut
55.680230,12.572410,9,University of Copenhagen
41.106260,-80.647700,3,Youngstown State University
41.114847,-83.167485,2,Heidelberg University
38.736819,-9.138705,3,CENTRA - Instituto Superior T
-29.867422,30.980727,30,University of KwaZulu-Natal
49.278094,-122.919883,1,Simon Fraser University
45.329096,-75.661986,2,National Research Council
41.150667,-8.638483,3,Centro de Astrofisica da Universidade do
36.166822,-86.827581,3,Tennessee State University
38.880554,-77.110960,36,National Science Foundation
53.019519,18.571199,1,Nicolaus Copernicus Astronomical Center Torun Poland
33.769223,-84.294554,3,Agnes Scott College
44.835291,-0.526040,5,Laboratoire d'Astrophysique de Bordeaux 
-26.690483,27.093163,4,North-West University
43.194809,-71.573420,3,St. Paul's School
30.620041,-96.342933,18,Astronomical Institute University of Am
39.790841,-84.098976,1,Air Force Research Laboratory
36.068930,-79.810198,1,University of North Carolina at Greensbo
34.923700,-82.438269,1,Furman University
40.325438,-111.726825,1,JIVE
15.215819,145.717112,1,Palms Resort Saipan
39.836207,-77.237508,2,Gettysburg College
32.403186,-111.030792,5,Astronomical Consultants & Equipment In
34.190425,-79.651985,2,Francis Marion University
41.749057,-92.720130,1,Grinnell College
23.035552,72.543456,1,Physical Research Laboratory
39.978318,-105.275031,3,National Center for Atmospheric Research (NCAR)
31.262218,34.801461,1,Ben-Gurion University of the Negev
42.299371,-71.265995,2,Babson College
51.981101,5.904889,1,Various institutes in the Netherlands
43.138948,-70.937025,11,UNIVERSITY OF NEW HAMPSHIRE
21.308767,-157.863353,1,Oceanit
32.731148,-97.114088,9,University of Texas at Arlington
40.737275,-84.028346,1,The Ohio State University at Lima
32.502309,-84.941446,5,Columbus State University
33.646260,-96.594854,2,Austin College
-29.911910,-71.243659,1,Departamento de Fisica y Astronomia Sci
49.939820,-119.396764,2,University of British Columbia Okanagan
39.015336,-94.706932,1,Vidiation LLC
31.993304,-102.092519,1,Museum of the Southwest
41.440120,-75.620837,1,Penn State Worthington Scranton
43.648611,-79.529104,1,Royal Astronomical Society
41.868330,-88.099622,4,Wheaton College
44.008260,-73.177315,2,Middlebury College
35.931193,-84.310014,3,University of Tennessee/Oak Ridge Nation
33.951744,35.615938,1,Notre Dame Univesity-Louaize
34.242595,-118.528069,4,California State University Northridge
50.813207,4.382222,1,Institut d'Astronomie et d'Astrophysique - Brussels
50.525000,6.882800,1,Max-Planck-Institut f. Astrophysics
40.202721,-77.197232,1,Dickinson College
42.253253,-72.576139,2,Mount Holyoke College
8.624088,-71.145479,1,Centro de Investigaciones de Astronomia 
48.726635,-3.987479,1,UPMC/CNRS
47.116055,-88.545758,1,Michigan Technological University
43.181959,-77.625883,1,ITT
35.616292,-82.567313,2,University of North Carolina at Ashevill
39.573152,-95.111374,2,Benedictine College
43.039153,-76.135116,3,Syracuse University
39.544192,-119.816397,1,University of Nevada
35.183085,-111.654965,8,Northern Arizona University
44.529447,-89.571378,1,University of Wisconsin-Stevens Point
52.229350,0.156709,1,Observatory Sciences Ltd.
31.225502,121.533502,2,NYU Shanghai
40.278831,-111.715197,1,Utah Valley State College
48.213185,16.360050,13,University of Vienna
34.807456,-87.681168,1,Univeristy of North Alabama
40.444211,-3.952696,1,European Space Astronomy Centre
33.733556,-116.713943,6,Astrocamp
18.147022,-65.837486,1,The University of Puerto Rico at Humacao
35.056673,-118.154405,1,Flight Test Aerospace
-17.786271,31.052143,1,University of Z
45.704162,13.719334,1,Abdus Salam International Center for The
-26.147841,28.040325,2,South Africa SKA / University of Johannesburg
33.775618,-84.396285,11,Georgia Institute of Technology
39.901473,-105.037886,1,Front Range Community College
36.985354,-86.456138,11,Western Kentucky University
44.801880,-73.102554,1,Laboratory for Systems Instrumentation 
30.390917,-97.756932,7,ESO
39.789368,-105.029807,1,Regis University
45.551186,-94.151514,2,St. Cloud State University
33.356261,-116.864821,6,Caltech/Palomar Observatory
53.276645,-9.061603,1,National University of Ireland Galway
37.220842,-2.546757,2,Calar Alto Observatory
-42.903512,147.326639,12,University of Tasmania
37.386280,-122.051355,20,SETI INSTITUTE
49.678647,-112.859448,1,University of Lethbridge
43.305241,5.394899,1,Observatoire Astronomique de Marseille-P
41.869065,-87.648454,1,Dept of Physics The University of the W
35.973233,-79.995040,1,High Point University
39.747526,-104.942808,1,Denver Museum of Nature & Science
44.521880,11.336637,4,INAF - Bologna Astronomical  Observatory
37.335187,-121.881072,2,San Jose State University
36.104875,-79.503888,2,Elon University
44.563869,-69.662636,4,Colby College
42.308085,-71.137672,1,Clay Center Observatory at Dexter and Southfield Schools
40.873318,-73.894139,1,Lehman College of the City University of
37.240376,-78.461030,2,Hampden-Sydney College
54.353074,-6.649904,6,Armagh Observatory
43.450851,-76.543438,3,Oswego State University-SUNY
19.502665,-99.134074,1,Escuela Superior de Fisica y Matematicas
53.480190,10.239380,1,Hamburg Observatory Germany
29.722857,-95.345099,1,Faculty of Mathematics and Natural Scien
50.935742,-1.396638,34,University of Southampton
43.662248,-70.275694,1,University of Southern Maine
41.386608,2.164020,2,ICC University of Barcelona
40.510088,-75.783423,5,Kutztown University
41.293483,-82.223600,4,Oberlin College
33.190807,-117.302928,1,MiraCosta Community College
