Name,Pop,Change
ABBOTSFORD,2289,0.0000
APPLETON,73737,0.0159
ASHLAND,8103,0.0138
BAYSIDE,4376,0.0080
BELLEVILLE,2390,0.0217
BERLIN,5542,0.0246
BIRNAMWOOD,812,0.0104
BLANCHARDVILLE,822,0.0046
BRODHEAD,3285,-0.0568
BROOKLYN,1417,0.0022
BURLINGTON,10603,0.0497
CAMBRIDGE,1464,0.1104
CAZENOVIA,320,-0.1346
COLBY,1830,-0.0508
COLUMBUS,5042,0.0133
CUBA CITY,2091,0.0095
DE SOTO,286,-0.0000
DORCHESTER,874,-0.0000
EAU CLAIRE,67006,0.0094
EDGERTON,5521,0.0258
GENOA CITY,3051,-0.0023
HARRISON,10323,0.0197
HARTFORD,14403,-0.0044
HAZEL GREEN,1271,0.1469
HOWARD,18901,0.0308
KAUKAUNA,15848,0.0167
KEWASKUM,4017,0.0445
KIEL,3768,0.0121
LAC LA BELLE,291,0.0100
LIVINGSTON,663,-0.0000
MARION,1255,0.0000
MARSHFIELD,19186,0.0198
MENASHA,17633,0.0090
MILLADORE,277,0.0465
MILWAUKEE,595787,0.0024
MONTFORT,725,0.0756
MUKWONAGO,7629,0.0484
MUSCODA,1264,0.0218
NEW AUBURN,550,0.0000
NEW LONDON,7301,0.0463
NEWBURG,1242,0.0000
ONTARIO,552,0.0592
PEWAUKEE,8138,0.0076
PEWAUKEE,13843,0.0165
PULASKI,3519,-0.0072
RANDOLPH,1805,0.0000
RIVER FALLS,15180,0.0486
ROCKLAND,614,0.1128
SPRING VALLEY,1368,0.0013
STANLEY,3563,0.0026
SUPERIOR,27927,0.0561
TURTLE LAKE,1046,-0.0000
UNITY,338,0.0300
VIOLA,703,-0.0000
WATERTOWN,23864,0.0205
WAUPUN,11540,0.0150
WHITEWATER,14579,0.0235
WISCONSIN DELLS,2670,0.0177
WRIGHTSTOWN,2844,0.0477
ADAMS,1940,0.0072
ADELL,514,-0.0026
ALBANY,1012,0.0735
ALGOMA,3155,0.0687
ALLOUEZ,13790,0.0143
ALMA,786,0.1338
ALMA CENTER,509,0.0536
ALMENA,658,-0.0000
ALMOND,445,0.3368
ALTOONA,7200,0.0106
AMERY,2917,0.0445
AMHERST,1047,0.2118
AMHERST JUNCTION,374,0.0000
ANIWA,253,-0.0000
ANTIGO,8120,0.0192
ARCADIA,3021,0.0014
ARENA,827,0.1685
ARGYLE,853,0.1078
ARLINGTON,825,0.0342
ARPIN,327,0.0052
ASHWAUBENON,16940,0.0281
ATHENS,1105,-0.0000
AUBURNDALE,707,0.0017
AUGUSTA,1541,0.0483
AVOCA,631,-0.0014
BAGLEY,378,1.4178
BALDWIN,3964,0.0155
BALSAM LAKE,1034,-0.0062
BANGOR,1485,-0.0142
BARABOO,12023,0.0167
BARNEVELD,1235,0.0551
BARRON,3365,0.0052
BAY CITY,499,0.0033
BAYFIELD,481,0.0014
BEAR CREEK,450,0.2331
BEAVER DAM,16693,0.0205
BELGIUM,2273,0.1193
BELL CENTER,116,0.0015
BELLEVUE,15047,0.0046
BELMONT,991,0.1111
BELOIT,36792,0.0096
BENTON,966,0.0848
BIG BEND,1296,-0.0098
BIG FALLS,57,0.0000
BIRCHWOOD,436,0.0087
BIRON,829,0.0035
BLACK CREEK,1321,0.0838
BLACK EARTH,1368,-0.0061
BLACK RIVER FALLS,3642,0.0329
BLAIR,1372,0.0030
BLOOMER,3560,-0.0000
BLOOMFIELD,4685,0.3751
BLOOMINGTON,741,0.0011
BLUE MOUNDS,920,0.0845
BLUE RIVER,435,0.0022
BOAZ,156,0.0001
BONDUEL,1483,0.0009
BOSCOBEL,3238,0.0200
BOWLER,292,0.0063
BOYCEVILLE,1089,-0.0495
BOYD,547,0.0016
BRANDON,873,0.0134
BRILLION,3211,0.0502
BRISTOL,4972,0.0094
BROKAW,243,-0.1124
BROOKFIELD,37859,0.0052
BROWN DEER,12217,0.0129
BROWNSVILLE,589,0.0151
BROWNTOWN,281,0.3178
BRUCE,773,0.3857
BUFFALO CITY,1013,0.0089
BUTLER,1827,0.0000
BUTTERNUT,369,0.0859
CADOTT,1451,0.0061
CALEDONIA,24918,0.0155
CAMBRIA,765,0.0148
CAMERON,1822,0.0215
CAMP DOUGLAS,607,0.0000
CAMPBELLSPORT,2010,-0.0169
CASCADE,698,0.0070
CASCO,590,0.0208
CASHTON,1094,0.0095
CASSVILLE,945,0.0377
CATAWBA,103,-0.0000
CECIL,556,0.0003
CEDAR GROVE,2099,0.0500
CEDARBURG,11500,0.0110
CENTURIA,941,0.0128
CHASEBURG,291,0.0208
CHENEQUA,588,0.1558
CHETEK,2226,0.0048
CHILTON,3909,0.0133
CHIPPEWA FALLS,13830,0.0399
CLAYTON,569,0.0136
CLEAR LAKE,1066,-0.0031
CLEVELAND,1519,0.0040
CLINTON,2121,-0.1243
CLINTONVILLE,4527,0.0022
CLYMAN,421,0.0119
COBB,465,0.0027
COCHRANE,447,0.0022
COLEMAN,724,0.0139
COLFAX,1126,0.0000
COLOMA,458,-0.0298
COMBINED LOCKS,3477,0.0019
CONRATH,94,-0.0003
COON VALLEY,763,-0.0092
CORNELL,1475,0.0142
COTTAGE GROVE,6512,0.0440
COUDERAY,87,-0.0185
CRANDON,1866,0.0051
CRIVITZ,961,0.0202
CROSS PLAINS,3696,-0.0058
CUDAHY,18250,0.0310
CUMBERLAND,2175,0.1094
CURTISS,213,-0.0000
DALLAS,390,0.0000
DANE,1067,0.0622
DARIEN,1591,0.0076
DARLINGTON,2424,0.0773
DE PERE,24447,0.0309
DEER PARK,210,0.0101
DEERFIELD,2423,-0.0104
DEFOREST,9223,0.0325
DELAFIELD,7111,0.0176
DELAVAN,8415,0.0243
DENMARK,2161,0.0128
DICKEYVILLE,1058,-0.0214
DODGEVILLE,4686,0.0048
DOUSMAN,2325,0.2510
DOWNING,264,0.4657
DOYLESTOWN,294,-0.0195
DRESSER,898,0.0192
DURAND,1875,0.0162
EAGLE,1953,0.0040
EAGLE RIVER,1377,0.0489
EAST TROY,4341,0.0110
EASTMAN,431,0.0077
EDEN,890,0.0006
EDGAR,1474,0.0133
EGG HARBOR,203,0.0294
ELAND,197,-0.0148
ELDERON,177,-0.0000
ELEVA,679,0.0265
ELK MOUND,875,0.0367
ELKHART LAKE,953,0.0157
ELKHORN,9924,0.0128
ELLSWORTH,3295,0.0211
ELM GROVE,5956,0.0081
ELMWOOD,817,0.0012
ELMWOOD PARK,497,0.0009
ELROY,1399,0.0291
EMBARRASS,387,0.0020
ENDEAVOR,462,0.0000
EPHRAIM,291,0.0039
ETTRICK,522,0.0000
EVANSVILLE,5135,0.0089
EXELAND,195,0.0020
FAIRCHILD,545,0.1472
FAIRWATER,369,0.0010
FALL CREEK,1307,0.0055
FALL RIVER,1713,0.0296
FENNIMORE,2519,0.0764
FENWOOD,146,0.0093
FERRYVILLE,182,0.0196
FITCHBURG,26321,0.0202
FOND DU LAC,43461,0.0461
FONTANA,1676,0.0581
FOOTVILLE,804,0.0015
FORESTVILLE,429,0.0000
FORT ATKINSON,12355,0.0598
FOUNTAIN CITY,850,0.0041
FOX LAKE,1509,0.0063
FOX POINT,6690,-0.0142
FRANCIS CREEK,666,-0.0013
FRANKLIN,35655,0.0000
FREDERIC,1135,0.0014
FREDONIA,2183,0.0280
FREMONT,674,0.0029
FRIENDSHIP,700,0.0088
FRIESLAND,355,0.0018
GALESVILLE,1506,0.0018
GAYS MILLS,506,0.0055
GENOA,248,0.0000
GERMANTOWN,19972,0.0543
GILLETT,1371,0.0107
GILMAN,374,0.0265
GLEN FLORA,89,-0.0001
GLENBEULAH,458,0.0033
GLENDALE,12753,0.0222
GLENWOOD CITY,1220,0.1103
GRAFTON,11519,0.0196
GRANTON,356,0.0093
GRANTSBURG,1335,0.0089
GRATIOT,233,0.0014
GREEN BAY,105051,0.0031
GREEN LAKE,994,0.0003
GREENDALE,14135,0.0100
GREENFIELD,36473,0.0129
GREENWOOD,1022,0.0300
GRESHAM,585,0.0997
HALES CORNERS,7670,0.0027
HAMMOND,1900,0.0605
HANCOCK,405,0.0007
HARTLAND,9167,0.0262
HATLEY,603,0.0625
HAUGEN,285,0.0080
HAWKINS,308,0.1847
HAYWARD,2345,0.0014
HEWITT,827,0.4959
HIGHLAND,841,0.2086
HILBERT,1171,0.0258
HILLSBORO,1410,0.0042
HIXTON,429,0.1719
HOBART,7958,0.0407
HOLLANDALE,288,nan
HOLMEN,9502,0.0115
HORICON,3726,0.0347
HORTONVILLE,2700,0.1644
HOWARDS GROVE,3226,0.0038
HUDSON,13400,0.0561
HURLEY,1516,0.0043
HUSTISFORD,1122,0.0310
HUSTLER,195,0.0068
INDEPENDENCE,1370,0.3686
INGRAM,80,0.0000
IOLA,1287,0.0063
IRON RIDGE,937,0.0139
IRONTON,254,-0.0000
JACKSON,6851,0.0188
JANESVILLE,63510,0.0266
JEFFERSON,7914,0.0503
JOHNSON CREEK,2908,0.0007
JUNCTION CITY,440,1.3836
JUNEAU,2726,0.0495
KEKOSKEE,159,-0.0000
KELLNERSVILLE,331,-0.0096
KENDALL,469,0.0090
KENNAN,128,0.0118
KENOSHA,99623,0.0236
KEWAUNEE,2925,0.0306
KIMBERLY,6677,0.0177
KINGSTON,327,0.0049
KNAPP,462,0.0000
KOHLER,2114,0.0280
KRONENWETTER,7525,0.0139
LA CROSSE,51992,0.0184
LA FARGE,703,0.0036
LA VALLE,356,-0.0000
LADYSMITH,3367,0.0440
LAKE DELTON,2926,0.0100
LAKE GENEVA,7727,0.0247
LAKE HALLIE,6826,0.0172
LAKE MILLS,5840,0.0455
LAKE NEBAGAMON,1083,0.0057
LANCASTER,3830,0.0000
LANNON,1109,-0.0840
LENA,563,0.0024
LIME RIDGE,158,-0.0163
LINDEN,544,-0.0000
LITTLE CHUTE,10778,0.0342
LODI,3071,0.0255
LOGANVILLE,295,0.0000
LOHRVILLE,397,-0.0001
LOMIRA,2440,-0.0000
LONE ROCK,880,0.0101
LOWELL,337,-0.0019
LOYAL,1257,0.0300
LUBLIN,117,0.0076
LUCK,1097,0.0041
LUXEMBURG,2583,0.0047
LYNDON STATION,491,0.0081
LYNXVILLE,134,-0.0000
MADISON,242216,0.0344
MAIDEN ROCK,118,0.0116
MANAWA,1330,0.0841
MANITOWOC,33703,0.0183
MAPLE BLUFF,1307,-0.0060
MARATHON,1530,0.0695
MARIBEL,345,-0.0579
MARINETTE,10907,0.0061
MARKESAN,1444,0.0705
MARQUETTE,152,-0.0047
MARSHALL,3864,0.0418
MASON,92,0.0088
MATTOON,430,0.0003
MAUSTON,4499,0.0047
MAYVILLE,5085,0.0114
MAZOMANIE,1667,0.0245
MCFARLAND,7946,0.0239
MEDFORD,4356,0.0081
MELLEN,719,0.0131
MELROSE,497,0.0048
MELVINA,105,nan
MENOMONEE FALLS,35928,0.0086
MENOMONIE,16194,0.0155
MEQUON,23793,0.0174
MERRILL,9573,0.0066
MERRILLAN,531,0.1042
MERRIMAC,426,0.0039
MERTON,3468,0.0338
MIDDLETON,18810,0.0240
MILLTOWN,915,0.0300
MILTON,5538,0.1511
MINERAL POINT,2496,0.0313
MINONG,519,0.0467
MISHICOT,1440,0.0091
MONDOVI,2776,0.0544
MONONA,7833,0.0567
MONROE,10768,-0.0096
MONTELLO,1475,0.0705
MONTICELLO,1223,0.0180
MONTREAL,805,0.0004
MOSINEE,4021,0.1006
MOUNT CALVARY,570,0.0686
MOUNT HOPE,228,nan
MOUNT HOREB,7123,0.0313
MOUNT PLEASANT,26374,0.0393
MOUNT STERLING,210,-0.0000
MUSKEGO,24410,0.0098
NASHOTAH,1382,0.0030
NECEDAH,919,0.0325
NEENAH,25871,0.0142
NEILLSVILLE,2422,0.0027
NEKOOSA,2568,0.0073
NELSON,373,-0.0000
NELSONVILLE,155,0.0604
NEOSHO,572,0.0043
NESHKORO,429,nan
NEW BERLIN,40195,0.0116
NEW GLARUS,2164,0.0967
NEW HOLSTEIN,3216,0.0049
NEW LISBON,2553,0.0077
NEW RICHMOND,8715,0.0185
NIAGARA,1615,0.0537
NICHOLS,271,0.0030
NORTH BAY,236,0.0149
NORTH FOND DU LAC,5180,0.0100
NORTH FREEDOM,682,0.1232
NORTH HUDSON,3765,0.0243
NORTH PRAIRIE,2144,-0.0647
NORWALK,635,0.0264
OAK CREEK,34791,0.0123
OAKDALE,293,0.2442
OAKFIELD,1101,-0.0014
OCONOMOWOC,16464,0.0145
OCONOMOWOC LAKE,585,0.0153
OCONTO,4557,0.0526
OCONTO FALLS,2877,0.0443
OGDENSBURG,179,0.0058
OLIVER,422,0.0090
OMRO,3560,0.0257
ONALASKA,18259,0.0111
OOSTBURG,2927,0.0084
OREGON,9575,0.0519
ORFORDVILLE,1456,0.0096
OSCEOLA,2593,0.0062
OSHKOSH,66451,0.0289
OSSEO,1701,0.0028
OWEN,937,0.0607
OXFORD,599,0.0048
PADDOCK LAKE,2992,0.0035
PALMYRA,1777,0.0512
PARDEEVILLE,2110,-0.0002
PARK FALLS,2504,0.0148
PARK RIDGE,497,0.0072
PATCH GROVE,199,0.0013
PEPIN,823,0.0608
PESHTIGO,3453,0.0019
PHILLIPS,1432,0.0252
PIGEON FALLS,409,-0.0000
PITTSVILLE,877,0.0211
PLAIN,767,0.0696
PLAINFIELD,856,0.0745
PLATTEVILLE,12788,0.0076
PLEASANT PRAIRIE,20370,0.0936
PLOVER,12515,0.0227
PLUM CITY,586,0.0321
PLYMOUTH,8458,-0.0000
POPLAR,613,0.1698
PORT EDWARDS,1789,0.0171
PORT WASHINGTON,11459,0.0103
PORTAGE,10281,0.0288
POTOSI,689,0.0058
POTTER,251,0.0515
POUND,377,0.0107
POYNETTE,2531,0.0038
PRAIRIE DU CHIEN,5890,0.0103
PRAIRIE DU SAC,4037,0.1163
PRAIRIE FARM,468,0.0150
PRENTICE,656,0.0196
PRESCOTT,4262,0.0495
PRINCETON,1200,0.0163
RACINE,78336,0.0195
RADISSON,242,0.0000
RANDOM LAKE,1580,0.0067
READSTOWN,420,0.0230
REDGRANITE,2135,0.0013
REEDSBURG,9327,-0.0050
REEDSVILLE,1201,0.0407
REESEVILLE,710,0.0339
REWEY,286,0.0116
RHINELANDER,7727,0.0002
RIB LAKE,887,0.0000
RICE LAKE,8495,0.0403
RICHFIELD,11458,0.0128
RICHLAND CENTER,5186,0.0182
RIDGELAND,270,0.0000
RIDGEWAY,644,0.1633
RIO,1062,0.0080
RIPON,7773,0.0501
RIVER HILLS,1581,0.0199
ROBERTS,1612,0.0035
ROCHESTER,3726,0.0189
ROCK SPRINGS,309,0.0057
ROCKDALE,213,0.0035
ROSENDALE,1048,0.0403
ROSHOLT,495,0.0036
ROTHSCHILD,5302,0.0387
RUDOLPH,433,0.0299
SAINT CLOUD,474,0.0003
SAINT CROIX FALLS,2096,0.0216
SAINT FRANCIS,9475,0.0022
SAINT NAZIANZ,779,0.0249
SAUK CITY,3432,-0.0306
SAUKVILLE,4464,0.0045
SCANDINAVIA,360,0.0000
SCHOFIELD,2212,0.0762
SEYMOUR,3436,-0.0021
SHARON,1591,-0.0000
SHAWANO,9253,0.0188
SHEBOYGAN,48806,0.0024
SHEBOYGAN FALLS,7866,0.0022
SHELDON,232,0.0422
SHELL LAKE,1359,0.0500
SHERWOOD,2879,-0.0044
SHIOCTON,930,0.0012
SHOREWOOD,13178,0.0151
SHOREWOOD HILLS,1928,0.0097
SHULLSBURG,1220,0.0325
SILVER LAKE,2401,-0.0004
SIREN,795,0.0000
SISTER BAY,909,0.0468
SLINGER,5235,0.0347
SOLDIERS GROVE,585,0.0033
SOLON SPRINGS,600,0.0023
SOMERSET,2654,0.0162
SOUTH MILWAUKEE,21142,0.0464
SOUTH WAYNE,489,0.0308
SPARTA,9741,0.0127
SPENCER,1932,0.0037
SPOONER,2621,0.0269
SPRING GREEN,1627,0.0173
STAR PRAIRIE,547,0.0006
STETSONVILLE,532,0.0165
STEUBEN,129,-0.0000
STEVENS POINT,27037,-0.0010
STOCKBRIDGE,636,0.0272
STOCKHOLM,66,0.0240
STODDARD,793,0.0496
STOUGHTON,12698,0.0455
STRATFORD,1599,0.0815
STRUM,1129,0.0010
STURGEON BAY,9202,0.0276
STURTEVANT,6973,0.0600
SUAMICO,11819,0.0324
SULLIVAN,674,0.0140
SUMMIT,4719,0.0797
SUN PRAIRIE,31810,0.0313
SURING,550,0.0688
SUSSEX,10743,0.0525
TAYLOR,480,0.0066
TENNYSON,365,0.0021
THERESA,1256,0.0017
THIENSVILLE,3221,0.0027
THORP,1634,0.0412
TIGERTON,732,-0.0000
TOMAH,9221,0.0099
TOMAHAWK,3335,0.0905
TONY,111,0.0022
TREMPEALEAU,1616,0.1683
TWIN LAKES,6050,0.0134
TWO RIVERS,11593,0.0202
UNION CENTER,198,-0.0000
UNION GROVE,4895,-0.0192
VALDERS,958,0.0654
VERONA,11871,0.0571
VESPER,583,0.0008
VIROQUA,4358,-0.0061
WALDO,492,-0.0000
WALES,2539,0.0441
WALWORTH,2833,0.0184
WARRENS,360,0.1379
WASHBURN,2084,0.0016
WATERFORD,5372,0.0771
WATERLOO,3330,0.0025
WAUKESHA,71316,0.0296
WAUNAKEE,12901,0.0268
WAUPACA,6087,-0.0186
WAUSAU,39063,0.0276
WAUSAUKEE,571,0.0302
WAUTOMA,2167,0.0197
WAUWATOSA,46947,0.0258
WAUZEKA,703,-0.0525
WEBSTER,655,0.0031
WEST ALLIS,60329,0.0043
WEST BARABOO,1430,-0.0505
WEST BEND,31599,0.0032
WEST MILWAUKEE,4193,0.0060
WEST SALEM,4960,0.0054
WESTBY,2229,0.0016
WESTFIELD,1263,0.0126
WESTON,15276,0.0423
WEYAUWEGA,1915,0.0123
WEYERHAEUSER,230,0.2863
WHEELER,347,0.0020
WHITE LAKE,360,-0.0000
WHITEFISH BAY,14243,0.0137
WHITEHALL,1546,0.1071
WHITELAW,753,-0.0253
WHITING,1685,-0.0536
WILD ROSE,712,0.0157
WILLIAMS BAY,2582,0.0037
WILSON,181,0.0000
WILTON,501,0.0149
WIND POINT,1703,0.0003
WINNECONNE,2410,0.0096
WINTER,317,-0.0379
WISCONSIN RAPIDS,18577,0.0094
WITHEE,484,0.0047
WITTENBERG,1032,0.0141
WONEWOC,809,0.0000
WOODMAN,131,0.0022
WOODVILLE,1344,0.0001
WYEVILLE,141,-0.0000
WYOCENA,755,0.0037
YUBA,68,0.0000
ADAMS,1355,0.1664
BIG FLATS,1032,0.0000
COLBURN,231,0.0049
DELL PRAIRIE,1630,0.3301
EASTON,1125,-0.0000
JACKSON,1011,0.0938
LEOLA,306,0.0040
LINCOLN,297,0.0205
MONROE,410,-0.0027
NEW CHESTER,2107,0.0000
NEW HAVEN,660,0.0044
PRESTON,1400,0.0025
QUINCY,1176,0.0084
RICHFIELD,156,0.0440
ROME,2761,0.0091
SPRINGVILLE,1329,0.0054
STRONGS PRAIRIE,1171,0.1480
AGENDA,419,0.0053
ASHLAND,583,-0.1024
CHIPPEWA,373,0.0009
GINGLES,785,0.0086
GORDON,288,-0.0000
JACOBS,722,0.7697
LA POINTE,269,0.0000
MARENGO,396,0.0069
MORSE,501,0.0027
PEEKSVILLE,141,-0.1966
SANBORN,1327,nan
SHANAGOLDEN,125,-0.0000
WHITE RIVER,947,0.0842
ALMENA,848,0.0022
ARLAND,829,0.3519
BARRON,873,0.0178
BEAR LAKE,662,0.0063
CEDAR LAKE,974,0.4824
CHETEK,1664,0.0004
CLINTON,888,0.0665
CRYSTAL LAKE,764,-0.0000
CUMBERLAND,871,0.0054
DALLAS,571,0.0316
DOVRE,864,0.1686
DOYLE,464,0.0034
LAKELAND,990,0.0039
MAPLE GROVE,979,0.0185
MAPLE PLAIN,820,0.0054
OAK GROVE,962,0.0085
PRAIRIE FARM,585,0.2789
PRAIRIE LAKE,1559,0.0148
RICE LAKE,3093,0.0068
SIOUX CREEK,659,0.3400
STANFOLD,727,0.0104
STANLEY,2574,0.0707
SUMNER,817,0.0140
TURTLE LAKE,632,0.0184
VANCE CREEK,662,0.4978
BARKSDALE,723,0.0039
BARNES,774,0.0031
BAYFIELD,696,0.0038
BAYVIEW,492,0.0010
BELL,270,0.0898
CABLE,827,0.0043
CLOVER,222,-0.0000
DELTA,277,0.0036
DRUMMOND,425,0.0092
EILEEN,691,0.0573
GRAND VIEW,474,-0.0000
HUGHES,390,0.0020
IRON RIVER,1162,0.0000
KELLY,472,0.0069
KEYSTONE,373,0.0000
LINCOLN,291,0.0052
MASON,321,-0.0000
NAMAKAGON,250,0.0048
ORIENTA,122,0.0020
OULU,532,0.0002
PILSEN,218,0.0000
PORT WING,376,0.0035
RUSSELL,1367,0.0409
TRIPP,241,0.0001
WASHBURN,542,-0.0000
EATON,1566,0.0074
GLENMORE,1131,0.0011
GREEN BAY,2074,0.0175
HOLLAND,1548,0.1751
HUMBOLDT,1319,0.0098
LAWRENCE,4709,0.0290
LEDGEVIEW,7431,0.0464
MORRISON,1613,-0.0280
NEW DENMARK,1568,0.0074
PITTSFIELD,2678,0.0402
ROCKLAND,1776,0.0184
SCOTT,3604,0.0215
WRIGHTSTOWN,2254,0.0224
ALMA,304,0.0000
BELVIDERE,398,0.0000
BUFFALO,704,0.0000
CANTON,312,0.0025
CROSS,388,0.0093
DOVER,487,0.0094
GILMANTON,436,0.0062
GLENCOE,492,0.0050
LINCOLN,168,-0.0000
MAXVILLE,309,0.2750
MILTON,547,0.0005
MODENA,357,0.0220
MONDOVI,475,0.0040
MONTANA,282,0.0000
NAPLES,700,0.0501
NELSON,601,0.0187
WAUMANDEE,467,0.0084
ANDERSON,396,0.0030
BLAINE,196,0.0000
DANIELS,647,0.0321
DEWEY,514,0.0156
GRANTSBURG,1143,0.0117
JACKSON,791,0.0046
LA FOLLETTE,534,0.0988
LINCOLN,309,0.0013
MEENON,1159,0.0022
OAKLAND,839,0.0043
ROOSEVELT,202,-0.0000
RUSK,417,0.0067
SAND LAKE,535,0.0084
SCOTT,506,0.0066
SIREN,943,0.0066
SWISS,792,0.0016
TRADE LAKE,831,0.0025
UNION,344,0.0037
WEBB LAKE,314,0.0000
WEST MARSHLAND,375,0.0000
WOOD RIVER,955,0.0009
BRILLION,1508,0.0086
BROTHERTOWN,1331,0.0113
CHARLESTOWN,784,0.0020
CHILTON,1145,-1.0000
HARRISON,1209,0.0055
NEW HOLSTEIN,1515,0.0058
RANTOUL,809,0.0067
STOCKBRIDGE,1489,0.0099
WOODVILLE,977,-0.0001
ANSON,2133,0.0162
ARTHUR,772,0.0114
AUBURN,703,0.0178
BIRCH CREEK,526,0.0046
BLOOMER,1076,0.0135
CLEVELAND,873,0.0060
COLBURN,890,-0.0000
COOKS VALLEY,828,-0.0000
DELMAR,948,0.0070
EAGLE POINT,3132,0.0300
EDSON,1082,0.0047
ESTELLA,429,0.0075
GOETZ,783,0.0182
HALLIE,172,0.0175
HOWARD,802,0.0069
LAFAYETTE,5921,0.0757
LAKE HOLCOMBE,1042,0.0103
RUBY,493,0.0023
SAMPSON,918,0.0046
SIGEL,1041,0.0160
TILDEN,1509,0.0075
WHEATON,2755,0.0081
WOODMOHR,953,-0.0000
BEAVER,894,0.0025
BUTLER,95,0.0004
COLBY,892,0.3096
DEWHURST,330,0.0113
EATON,715,0.0191
FOSTER,97,0.0024
FREMONT,1265,-0.0000
GRANT,939,0.0078
GREEN GROVE,754,0.1039
HENDREN,503,-0.0577
HEWETT,299,0.0052
HIXON,819,0.0131
HOARD,836,-42552.9574
LEVIS,500,0.0017
LONGWOOD,866,0.0147
LOYAL,836,0.0205
LYNN,880,0.0408
MAYVILLE,954,0.0045
MEAD,334,-0.1084
MENTOR,586,0.2982
PINE VALLEY,1169,0.0060
RESEBURG,792,0.0325
SEIF,169,0.0075
SHERMAN,902,0.0134
SHERWOOD,227,0.0000
THORP,828,0.0170
UNITY,905,0.0047
WARNER,676,0.0045
WASHBURN,291,0.1497
WESTON,696,0.0023
WITHEE,979,0.0480
WORDEN,684,0.0230
YORK,881,0.0000
ARLINGTON,808,-0.0003
CALEDONIA,1403,0.0027
COLUMBUS,650,0.0134
COURTLAND,530,0.0077
DEKORRA,2327,-0.0585
FORT WINNEBAGO,823,0.0000
FOUNTAIN PRAIRIE,895,0.0116
HAMPDEN,580,0.0033
LEEDS,774,-0.0000
LEWISTON,1232,0.0062
LODI,3307,0.0089
LOWVILLE,1012,0.0035
MARCELLON,1103,0.0027
NEWPORT,588,0.4291
OTSEGO,695,-0.0000
PACIFIC,2714,0.3550
RANDOLPH,772,0.0164
SCOTT,916,0.0222
SPRINGVALE,525,0.0077
WEST POINT,1983,0.0235
WYOCENA,1683,0.0091
BRIDGEPORT,1009,0.0111
CLAYTON,948,0.0470
EASTMAN,751,0.0146
FREEMAN,706,0.2262
HANEY,315,0.0096
MARIETTA,489,0.0820
PRAIRIE DU CHIEN,1074,0.0124
SCOTT,463,0.1430
SENECA,896,0.0124
UTICA,679,0.0219
WAUZEKA,418,0.0150
ALBION,1965,0.0508
BERRY,1138,0.0038
BLACK EARTH,485,-0.0128
BLOOMING GROVE,1818,-0.3024
BLUE MOUNDS,989,0.0258
BRISTOL,4045,0.0290
BURKE,3339,0.0048
CHRISTIANA,1253,-1.0704
COTTAGE GROVE,3900,-0.0256
CROSS PLAINS,1533,0.0054
DANE,1003,0.0107
DEERFIELD,1597,0.0260
DUNKIRK,1945,0.0136
DUNN,4956,0.0206
MADISON,6277,0.0530
MAZOMANIE,1102,0.0227
MEDINA,1380,0.0065
MIDDLETON,6273,0.0218
MONTROSE,1092,0.0150
OREGON,3231,0.0949
PERRY,738,0.0738
PLEASANT SPRINGS,3217,0.0123
PRIMROSE,731,0.1251
ROXBURY,1841,0.0132
RUTLAND,1995,0.0136
SPRINGDALE,1948,0.0747
SPRINGFIELD,2805,0.1960
SUN PRAIRIE,2352,0.0555
VERMONT,821,0.0084
VERONA,1983,0.0068
VIENNA,1523,0.0274
WESTPORT,4000,0.0448
WINDSOR,6876,0.0293
YORK,651,0.0132
ASHIPPUN,2586,0.0062
BEAVER DAM,4020,0.0612
BURNETT,908,0.0008
CALAMUS,1050,0.0069
CHESTER,695,0.0031
CLYMAN,780,-0.0427
ELBA,999,0.0104
EMMET,1308,0.0079
FOX LAKE,2463,0.0014
HERMAN,1129,-0.0000
HUBBARD,1781,0.0058
HUSTISFORD,1390,0.0073
LEBANON,1667,0.1347
LEROY,996,0.0169
LOMIRA,1153,-0.1710
LOWELL,1202,0.0397
OAK GROVE,1077,-0.0000
PORTLAND,1088,0.0139
RUBICON,2241,0.0098
SHIELDS,563,-0.0021
THERESA,1087,0.0675
TRENTON,1307,0.0191
WESTFORD,1234,0.0013
WILLIAMSTOWN,766,-0.0000
BAILEYS HARBOR,1051,0.0229
BRUSSELS,1138,0.0047
CLAY BANKS,390,0.0127
EGG HARBOR,1377,0.0112
FORESTVILLE,1113,0.5635
GARDNER,1216,0.0047
GIBRALTAR,1045,0.0335
JACKSONPORT,714,0.3119
LIBERTY GROVE,1763,-0.0030
NASEWAUPEE,2102,0.0095
SEVASTOPOL,2687,0.0146
STURGEON BAY,824,0.0071
UNION,1006,0.0703
WASHINGTON,715,0.0047
AMNICON,1181,0.0447
BENNETT,615,-0.0004
BRULE,673,0.0143
CLOVERLAND,206,0.0043
DAIRYLAND,183,0.0195
GORDON,638,0.0683
HAWTHORNE,1116,0.0071
HIGHLAND,298,0.0000
LAKESIDE,707,0.0054
MAPLE,757,-0.1657
OAKLAND,1163,0.0039
PARKLAND,1237,0.0023
SOLON SPRINGS,924,0.0200
SUMMIT,1074,0.6047
SUPERIOR,2213,0.0062
WASCOTT,764,0.1395
COLFAX,1255,0.0207
DUNN,1537,0.0034
EAU GALLE,773,-0.0000
ELK MOUND,1869,0.0251
GRANT,389,0.0091
HAY RIVER,563,0.0402
LUCAS,771,0.0153
MENOMONIE,3452,0.0067
NEW HAVEN,682,0.2573
OTTER CREEK,496,-0.0129
PERU,245,0.0031
RED CEDAR,2140,0.0134
ROCK CREEK,1031,-0.0001
SAND CREEK,579,0.0170
SHERIDAN,466,0.0027
SHERMAN,876,-0.0000
SPRING BROOK,1600,0.0459
STANTON,794,0.0025
TAINTER,2392,0.0025
TIFFANY,623,0.0010
WESTON,602,0.0091
WILSON,533,0.0048
BRIDGE CREEK,1888,0.0145
BRUNSWICK,1766,0.0177
CLEAR CREEK,849,0.0000
DRAMMEN,807,0.0376
FAIRCHILD,351,0.0166
LINCOLN,1128,0.0156
LUDINGTON,1076,0.0070
OTTER CREEK,500,0.0051
PLEASANT VALLEY,3192,0.0077
SEYMOUR,3285,0.0125
UNION,2756,0.0214
WASHINGTON,7267,-0.0000
WILSON,499,0.0000
AURORA,1060,-0.0101
COMMONWEALTH,405,-0.0001
FENCE,194,2.6667
FERN,161,0.0000
FLORENCE,2007,-0.0000
HOMESTEAD,342,0.3168
LONG LAKE,160,-0.0000
TIPLER,145,0.0122
ALTO,1055,0.1257
ASHFORD,1765,0.0064
AUBURN,2381,0.0094
BYRON,1652,0.0061
CALUMET,1500,0.0025
EDEN,1038,0.0133
ELDORADO,1476,-0.0000
EMPIRE,2828,0.0058
FOND DU LAC,3516,0.0070
FOREST,1073,0.0095
FRIENDSHIP,2706,-0.3257
LAMARTINE,1767,0.0130
MARSHFIELD,1132,0.0084
METOMEN,737,0.1932
OAKFIELD,711,-0.0500
OSCEOLA,1870,-0.0303
RIPON,1421,-0.0000
ROSENDALE,703,0.0095
SPRINGVALE,715,0.0000
TAYCHEEDAH,4438,-0.0312
WAUPUN,1388,0.0076
ALVIN,156,-2.3636
ARGONNE,519,0.0053
ARMSTRONG CREEK,405,0.7305
BLACKWELL,321,-1.2778
CASWELL,90,-0.4602
CRANDON,653,0.0913
FREEDOM,349,-0.0000
HILES,316,-0.0000
LAONA,1205,0.0051
LINCOLN,969,-0.0000
NASHVILLE,1083,0.0000
POPPLE RIVER,43,nan
ROSS,135,0.0082
WABENO,1177,0.0071
BEETOWN,787,-0.2326
BLOOMINGTON,355,0.0046
BOSCOBEL,373,0.0024
CASSVILLE,413,0.0089
CASTLE ROCK,257,0.0000
CLIFTON,393,0.0101
ELLENBORO,544,0.0115
FENNIMORE,614,0.0033
GLEN HAVEN,418,-0.1262
HARRISON,501,0.0048
HAZEL GREEN,1139,0.0884
HICKORY GROVE,485,0.0015
JAMESTOWN,2148,0.0162
LIBERTY,559,0.0000
LIMA,800,0.3572
LITTLE GRANT,284,0.0036
MARION,584,0.3384
MILLVILLE,167,0.0187
MOUNT HOPE,302,0.0000
MOUNT IDA,567,0.0118
MUSCODA,774,0.0237
NORTH LANCASTER,524,0.0088
PARIS,714,0.0098
PATCH GROVE,337,0.0000
PLATTEVILLE,1551,0.0813
POTOSI,853,0.0000
SMELSER,794,0.0284
SOUTH LANCASTER,866,0.0179
WATERLOO,571,-0.1278
WATTERSTOWN,331,0.0131
WINGVILLE,360,0.0532
WOODMAN,195,-0.0990
WYALUSING,352,0.0048
ADAMS,538,0.0167
ALBANY,1117,-0.0064
BROOKLYN,1102,-0.0000
CADIZ,811,-0.0569
CLARNO,1160,0.0049
DECATUR,1778,0.0031
EXETER,2052,0.0084
JEFFERSON,1235,0.1886
JORDAN,639,-0.0454
MONROE,1233,0.0069
MOUNT PLEASANT,605,0.0203
NEW GLARUS,1359,0.0768
SPRING GROVE,881,0.0021
SYLVESTER,1011,0.0059
WASHINGTON,822,-0.0001
YORK,945,0.0188
BERLIN,1146,0.0115
BROOKLYN,1853,0.0087
GREEN LAKE,1160,0.0060
KINGSTON,1086,0.0038
MACKFORD,563,-0.0000
MANCHESTER,1044,0.0124
MARQUETTE,542,-0.0258
PRINCETON,1440,0.0001
SAINT MARIE,358,0.0078
SENECA,411,0.0096
ARENA,1485,0.0060
BRIGHAM,1061,-0.0295
CLYDE,311,0.0794
DODGEVILLE,1747,0.1047
EDEN,367,0.0358
HIGHLAND,761,-0.0000
LINDEN,851,-0.0615
MIFFLIN,595,0.0112
MINERAL POINT,1051,0.0083
MOSCOW,596,0.0155
PULASKI,406,-0.0971
RIDGEWAY,565,0.0000
WALDWICK,476,0.0099
WYOMING,299,0.0055
ANDERSON,59,-0.0000
CAREY,163,0.0011
GURNEY,166,-0.0836
KIMBALL,491,0.0081
KNIGHT,208,0.0001
MERCER,1438,0.0074
OMA,299,0.0058
PENCE,162,0.0064
SAXON,324,0.1445
SHERMAN,294,0.0000
ADAMS,1374,0.0063
ALBION,1242,0.0124
ALMA,1088,0.1542
BEAR BLUFF,134,0.0011
BROCKWAY,2849,0.0003
CITY POINT,180,0.5853
CLEVELAND,495,-0.1058
CURRAN,327,0.0071
FRANKLIN,460,0.0145
GARDEN VALLEY,434,0.1569
GARFIELD,678,0.0101
HIXTON,669,-0.0000
IRVING,768,0.0105
KNAPP,310,0.0000
KOMENSKY,498,nan
MANCHESTER,715,0.0051
MELROSE,496,0.0048
MILLSTON,165,0.0249
NORTH BEND,498,0.0045
NORTHFIELD,650,0.0114
SPRINGFIELD,617,0.0258
AZTALAN,1458,0.0065
COLD SPRING,772,0.0104
CONCORD,2086,0.0017
FARMINGTON,1386,-2.2857
HEBRON,1101,0.0015
IXONIA,4670,0.0319
JEFFERSON,2183,0.2570
KOSHKONONG,3694,0.0046
LAKE MILLS,2080,0.0044
MILFORD,1112,0.2618
OAKLAND,3088,0.0516
PALMYRA,1180,0.1220
SULLIVAN,2213,0.0300
SUMNER,811,0.0003
WATERLOO,908,0.0006
WATERTOWN,1966,0.0047
ARMENIA,733,0.0825
CLEARFIELD,735,0.0125
CUTLER,331,0.0150
FINLEY,97,-0.0000
FOUNTAIN,568,0.0248
GERMANTOWN,1602,0.0937
KILDARE,700,-0.0000
KINGSTON,89,-1.7368
LEMONWEIR,1759,0.0036
LINDINA,714,0.0057
LISBON,916,0.0023
LYNDON,1398,0.0065
MARION,426,0.0977
NECEDAH,2377,-0.0000
ORANGE,575,0.0046
PLYMOUTH,598,-0.0000
SEVEN MILE CREEK,355,0.0000
SUMMIT,654,-0.0000
WONEWOC,690,0.0083
BRIGHTON,1451,0.2603
PARIS,1503,0.0496
RANDALL,3181,0.0526
SALEM,12086,0.0079
SOMERS,9514,0.0161
WHEATLAND,3344,0.0044
AHNAPEE,936,0.2218
CARLTON,1026,2.7559
CASCO,1179,0.0129
FRANKLIN,993,0.0104
LINCOLN,944,0.0000
LUXEMBURG,1484,0.0123
MONTPELIER,1320,0.0610
PIERCE,830,0.0143
RED RIVER,1407,0.0120
WEST KEWAUNEE,1331,1.3693
BANGOR,616,0.0000
BARRE,1247,0.0119
BURNS,954,0.0099
CAMPBELL,4344,0.0094
FARMINGTON,2077,0.1617
GREENFIELD,2112,0.0438
HAMILTON,2463,0.1238
HOLLAND,3938,0.2060
MEDARY,1502,0.2001
ONALASKA,5722,0.0155
SHELBY,4722,0.0076
WASHINGTON,545,0.0047
ARGYLE,448,0.0164
BELMONT,790,0.2099
BENTON,510,0.0039
BLANCHARD,274,0.0000
DARLINGTON,891,0.0070
ELK GROVE,567,-0.0534
FAYETTE,411,-0.0000
GRATIOT,551,0.0219
KENDALL,466,0.1613
LAMONT,319,0.0090
MONTICELLO,133,0.0347
NEW DIGGINGS,512,0.0313
SEYMOUR,452,0.0055
SHULLSBURG,353,0.0000
WAYNE,494,0.0182
WHITE OAK SPRINGS,120,0.0058
WILLOW SPRINGS,760,0.0196
WIOTA,850,0.0097
ACKLEY,529,0.1474
AINSWORTH,465,-0.2148
ANTIGO,1405,0.0720
ELCHO,1247,0.0045
EVERGREEN,498,0.0000
LANGLADE,481,0.0022
NEVA,903,0.2834
NORWOOD,900,0.0000
PARRISH,88,-0.1111
PECK,353,0.0131
POLAR,995,0.0055
PRICE,223,0.0026
ROLLING,1517,0.0101
SUMMIT,161,0.0080
UPHAM,683,0.0000
VILAS,225,0.2873
WOLF RIVER,754,-0.0000
BIRCH,692,0.0000
BRADLEY,2441,-0.0000
CORNING,881,-0.0000
HARDING,379,nan
HARRISON,842,-0.0000
KING,874,0.0041
MERRILL,2999,0.0055
PINE RIVER,1883,0.0000
ROCK FALLS,628,0.0039
RUSSELL,682,0.0150
SCHLEY,929,0.0042
SCOTT,1442,0.0000
SKANAWAN,400,0.0000
SOMO,115,0.0022
TOMAHAWK,426,-0.0000
WILSON,314,0.0150
CATO,1574,0.0483
CENTERVILLE,644,0.0095
COOPERSTOWN,1299,0.0043
EATON,834,-0.0875
FRANKLIN,1260,-0.0000
GIBSON,1341,0.0114
KOSSUTH,2082,0.0021
LIBERTY,1278,-0.0393
MANITOWOC,1101,0.0073
MANITOWOC RAPIDS,2141,0.0139
MAPLE GROVE,830,0.0148
MEEME,1455,0.2435
MISHICOT,1293,0.0433
NEWTON,2297,0.0073
ROCKLAND,1002,-0.0000
SCHLESWIG,1991,0.0081
TWO CREEKS,427,0.3333
TWO RIVERS,1782,0.0027
BERGEN,637,0.0207
BERLIN,942,0.0051
BERN,606,0.0000
BEVENT,1122,0.0022
BRIGHTON,611,0.0056
CASSEL,913,0.0064
CLEVELAND,1511,0.0069
DAY,1095,-0.0231
EASTON,1132,0.0034
EAU PLEINE,765,0.0079
ELDERON,620,0.0041
EMMET,937,0.0072
FRANKFORT,662,0.0000
FRANZEN,584,0.0062
GREEN VALLEY,550,0.0850
GUENTHER,346,0.0078
HALSEY,661,0.0124
HAMBURG,918,0.0048
HARRISON,372,-0.0000
HEWITT,614,-0.0000
HOLTON,884,0.0077
HULL,744,0.0187
JOHNSON,981,0.1735
KNOWLTON,1929,0.0027
MAINE,2345,0.0088
MARATHON,1051,-0.0000
MCMILLAN,2002,0.0659
MOSINEE,2189,0.0067
NORRIE,979,0.0072
PLOVER,682,0.0000
REID,1240,0.0000
RIB FALLS,997,0.3112
RIB MOUNTAIN,6900,0.0564
RIETBROCK,980,0.0000
RINGLE,1735,0.0213
SPENCER,1615,0.0085
STETTIN,2566,0.0059
TEXAS,1614,0.0046
WAUSAU,2249,0.0609
WESTON,655,0.0040
WIEN,851,-0.0000
AMBERG,734,0.0076
ATHELSTANE,509,0.0058
BEAVER,1162,0.0139
BEECHER,731,-0.0082
DUNBAR,744,0.0000
GOODMAN,620,0.0066
GROVER,1798,0.0067
LAKE,1162,0.0040
MIDDLE INLET,837,0.0060
NIAGARA,866,0.0064
PEMBINE,888,-0.1578
PESHTIGO,4098,0.0076
PORTERFIELD,1993,0.0056
POUND,1425,0.0088
SILVER CLIFF,503,0.0000
STEPHENSON,3066,0.0089
WAGNER,695,0.2348
WAUSAUKEE,1096,0.0061
BUFFALO,1240,0.0040
CRYSTAL LAKE,492,0.0018
DOUGLAS,726,0.0028
HARRIS,796,-0.0220
MECAN,689,-0.1881
MONTELLO,1035,0.0037
MOUNDVILLE,559,0.0263
NESHKORO,554,0.0025
NEWTON,547,0.0032
OXFORD,888,0.1245
PACKWAUKEE,1416,0.0000
SHIELDS,549,0.0049
SPRINGFIELD,833,0.0066
WESTFIELD,879,0.0047
ADRIAN,795,0.1515
ANGELO,1311,0.0023
BYRON,1358,0.0147
CLIFTON,699,0.0024
GLENDALE,688,0.0023
GRANT,503,0.0075
GREENFIELD,721,0.0074
JEFFERSON,854,0.0371
LA FAYETTE,405,0.0206
LA GRANGE,2011,0.0054
LEON,1134,0.0116
LINCOLN,846,0.0078
LITTLE FALLS,1571,0.0170
NEW LYME,174,0.0094
OAKDALE,793,0.0633
PORTLAND,834,0.0000
RIDGEVILLE,513,0.1369
SCOTT,134,-0.0000
SHELDON,752,0.0217
SPARTA,3180,0.0000
TOMAH,1433,0.0043
WELLINGTON,645,0.0095
WELLS,533,0.0200
WILTON,1047,0.0127
ABRAMS,1879,0.0088
BAGLEY,291,-0.0042
BRAZEAU,1299,0.0056
BREED,729,0.0066
CHASE,3086,0.0621
DOTY,260,0.0096
GILLETT,1028,0.0199
HOW,530,0.0071
LAKEWOOD,830,0.2392
LENA,721,0.0101
LITTLE RIVER,1100,0.0011
LITTLE SUAMICO,5015,0.0107
MAPLE VALLEY,667,0.0094
MORGAN,989,0.0049
MOUNTAIN,830,0.0007
OCONTO,1345,0.0093
OCONTO FALLS,1272,0.0041
PENSAUKEE,1390,0.0116
RIVERVIEW,732,0.0543
SPRUCE,841,0.0050
STILES,1508,0.0136
TOWNSEND,995,0.0606
UNDERHILL,892,0.0046
CASSIAN,991,0.0226
CRESCENT,2059,0.0054
ENTERPRISE,316,0.0011
HAZELHURST,1288,0.2706
LAKE TOMAHAWK,1033,0.0060
LITTLE RICE,315,0.0080
LYNNE,144,-0.0000
MINOCQUA,4482,0.0267
MONICO,306,0.0091
NEWBOLD,2744,0.0000
NOKOMIS,1429,0.0036
PELICAN,2810,0.0057
PIEHL,87,0.0000
PINE LAKE,2758,0.0052
SCHOEPKE,392,0.0712
STELLA,647,0.0052
SUGAR CAMP,1710,0.0000
THREE LAKES,2154,0.0038
WOODBORO,840,0.0048
WOODRUFF,2000,-0.0000
BLACK CREEK,1252,0.0197
BOVINA,1158,0.7801
BUCHANAN,6935,0.0057
CENTER,3463,0.0207
CICERO,1106,0.0006
DALE,2782,0.0175
DEER CREEK,649,0.0000
ELLINGTON,2898,0.0255
FREEDOM,5991,0.2414
GRAND CHUTE,21909,0.0122
GREENVILLE,11303,0.0451
HORTONIA,1094,0.0116
KAUKAUNA,1272,-0.0155
LIBERTY,871,0.2326
MAINE,878,0.0070
MAPLE CREEK,605,0.0000
ONEIDA,4711,0.0087
OSBORN,1196,0.0107
SEYMOUR,1202,0.0155
VANDENBROEK,1531,0.0354
BELGIUM,1428,0.0200
CEDARBURG,5875,0.0088
FREDONIA,2168,0.0059
GRAFTON,4124,-0.0558
PORT WASHINGTON,1661,0.0125
SAUKVILLE,1828,0.0036
ALBANY,670,-0.0000
DURAND,750,0.0071
FRANKFORT,352,0.0000
LIMA,686,0.0096
PEPIN,732,0.0155
STOCKHOLM,201,0.0001
WATERVILLE,831,0.0000
WAUBEEK,432,-0.1821
CLIFTON,2033,-0.0000
DIAMOND BLUFF,462,0.2972
ELLSWORTH,1166,0.0114
EL PASO,703,-0.0000
GILMAN,975,0.0143
HARTLAND,847,0.0067
ISABELLE,284,0.0065
MAIDEN ROCK,600,0.0100
MARTELL,1188,-0.0028
OAK GROVE,2176,0.0105
RIVER FALLS,2295,0.1546
ROCK ELM,489,0.0084
SALEM,516,0.0500
SPRING LAKE,572,0.0072
TRENTON,1837,0.0056
TRIMBELLE,1674,0.0004
UNION,593,0.0023
ALDEN,2792,0.0061
APPLE RIVER,1158,0.0026
BALSAM LAKE,1404,0.0056
BEAVER,838,0.0068
BLACK BROOK,1343,0.0053
BONE LAKE,722,0.0091
CLAM FALLS,612,0.0050
CLAYTON,988,0.0030
CLEAR LAKE,901,0.0788
EUREKA,1663,0.0054
FARMINGTON,1843,0.0134
GARFIELD,1695,0.0152
GEORGETOWN,988,0.3043
JOHNSTOWN,529,0.0033
LAKETOWN,969,0.0205
LINCOLN,2202,0.0088
LORAIN,277,0.2513
LUCK,911,-0.1195
MCKINLEY,352,-0.0000
MILLTOWN,1228,0.0200
OSCEOLA,2866,0.0056
SAINT CROIX FALLS,1159,0.0029
STERLING,775,-0.0000
WEST SWEDEN,691,0.0281
ALBAN,882,0.0374
ALMOND,674,0.0120
AMHERST,1336,0.0083
BELMONT,624,0.0084
BUENA VISTA,1204,0.0562
CARSON,1313,0.0380
DEWEY,939,0.0050
EAU PLEINE,949,0.0646
GRANT,1917,0.0042
HULL,5379,0.0233
LANARK,1548,0.0041
LINWOOD,1122,0.0084
NEW HOPE,710,-0.0000
PINE GROVE,935,0.0103
PLOVER,1724,0.0086
SHARON,2007,0.0256
STOCKTON,2987,0.0303
CATAWBA,268,-0.0000
EISENSTEIN,621,1.1066
ELK,999,-0.0000
EMERY,293,0.0091
FIFIELD,903,0.0025
FLAMBEAU,480,0.0150
GEORGETOWN,168,-0.0000
HACKETT,168,0.0084
HARMONY,225,0.0000
HILL,333,0.0105
KENNAN,351,0.3072
KNOX,345,0.0018
LAKE,1122,0.0048
OGEMA,718,0.2789
PRENTICE,474,0.0015
SPIRIT,274,0.0228
WORCESTER,1568,0.0098
BURLINGTON,6462,0.0241
DOVER,4065,0.0040
NORWAY,7958,0.0028
RAYMOND,3924,0.0178
WATERFORD,6350,0.0329
YORKVILLE,3092,0.0136
AKAN,399,0.0033
BLOOM,512,0.0235
BUENA VISTA,1888,0.0107
DAYTON,695,0.0020
EAGLE,525,0.0059
FOREST,352,0.0121
HENRIETTA,487,0.0012
ITHACA,630,0.0127
MARSHALL,573,0.0067
ORION,582,0.0434
RICHLAND,1358,0.0071
RICHWOOD,525,0.0048
ROCKBRIDGE,722,0.0103
SYLVAN,557,-0.0000
WESTFORD,527,nan
WILLOW,586,-0.0000
AVON,598,0.0260
BELOIT,7625,0.0614
BRADFORD,1090,0.0020
CENTER,1055,0.0048
CLINTON,936,0.0020
FULTON,3269,0.0204
HARMONY,2573,0.3987
JANESVILLE,3444,0.0012
JOHNSTOWN,769,0.0085
LA PRAIRIE,826,0.3754
LIMA,1274,0.1222
MAGNOLIA,755,0.0036
MILTON,2937,0.3050
NEWARK,1526,0.0104
PLYMOUTH,1171,0.0047
PORTER,955,-0.0000
ROCK,3183,0.0049
SPRING VALLEY,742,0.0079
TURTLE,2374,0.0176
UNION,2109,0.0025
ATLANTA,580,0.0011
BIG BEND,367,0.0107
BIG FALLS,141,0.0004
CEDAR RAPIDS,39,-0.3333
DEWEY,556,0.0085
FLAMBEAU,1070,1.3441
GRANT,817,-0.0000
GROW,421,0.0092
HAWKINS,160,0.0017
HUBBARD,200,0.0018
LAWRENCE,306,0.0088
MARSHALL,696,-0.0000
MURRY,279,0.0071
RICHLAND,233,0.0066
RUSK,549,-0.0000
SOUTH FORK,117,0.0017
STRICKLAND,290,0.0000
STUBBS,583,-0.4200
THORNAPPLE,790,0.0153
TRUE,296,0.0667
WASHINGTON,350,-0.0000
WILKINSON,40,0.0001
WILLARD,513,0.0137
WILSON,108,-0.0000
BALDWIN,920,0.0100
CADY,830,0.0070
CYLON,689,0.0189
EAU GALLE,1186,0.0249
EMERALD,838,-0.0000
ERIN PRAIRIE,679,0.0152
FOREST,630,0.0000
GLENWOOD,783,0.0962
HAMMOND,2143,0.0103
HUDSON,8571,0.0114
KINNICKINNIC,1755,0.0045
PLEASANT VALLEY,523,0.0050
RICHMOND,3397,0.0221
RUSH RIVER,500,0.0066
SAINT JOSEPH,3883,0.1088
SOMERSET,4120,0.0095
SPRINGFIELD,943,0.0035
STANTON,890,0.0011
STAR PRAIRIE,3524,0.1428
TROY,4948,0.0288
WARREN,1621,0.0953
BARABOO,1682,0.0174
BEAR CREEK,608,0.0427
DELLONA,1573,0.0077
DELTON,2408,0.0026
EXCELSIOR,1570,0.0048
FAIRFIELD,1069,0.0119
FRANKLIN,650,0.0055
FREEDOM,452,0.0754
GREENFIELD,939,0.0106
HONEY CREEK,730,0.0201
IRONTON,656,0.0052
LA VALLE,1326,0.0014
MERRIMAC,962,0.0120
PRAIRIE DU SAC,1129,-0.0000
REEDSBURG,1291,0.0085
SPRING GREEN,1701,0.3152
SUMPTER,1190,0.0199
TROY,800,0.0117
WASHINGTON,1012,0.0115
WESTFIELD,562,0.0019
WINFIELD,857,-0.0000
WOODLAND,803,0.0097
BASS LAKE,2406,0.1799
COUDERAY,405,2.9998
DRAPER,210,0.2135
EDGEWATER,532,0.0067
HAYWARD,3571,0.0159
HUNTER,685,0.0037
LENROOT,1319,0.3542
MEADOWBROOK,138,0.0070
METEOR,153,0.0041
OJIBWA,250,0.0024
RADISSON,402,0.8534
ROUND LAKE,994,-0.0162
SAND LAKE,820,0.1988
SPIDER LAKE,358,0.0056
WEIRGOR,329,0.0017
WINTER,969,0.0052
ALMON,581,-0.0000
ANGELICA,1812,0.0121
ANIWA,536,0.0068
BARTELME,807,-1.1053
BELLE PLAINE,1859,0.0056
BIRNAMWOOD,778,0.0083
FAIRBANKS,611,-0.0000
GERMANIA,324,0.0041
GRANT,984,0.0117
GREEN VALLEY,1091,0.0096
HARTLAND,902,0.0115
HERMAN,768,0.0020
HUTCHINS,593,-0.0000
LESSOR,1281,0.0101
MAPLE GROVE,957,-0.0000
MORRIS,453,0.0000
NAVARINO,443,0.0794
PELLA,871,0.0045
RED SPRINGS,936,0.0793
RICHMOND,1871,0.0150
SENECA,556,-0.0081
WASHINGTON,1912,0.0132
WAUKECHON,1044,0.0115
WESCOTT,3203,0.0027
WITTENBERG,826,0.0023
GREENBUSH,2555,0.0070
HERMAN,2162,0.0023
HOLLAND,2248,0.0809
LIMA,2985,0.0118
LYNDON,1547,0.0879
MITCHELL,1308,0.0337
MOSEL,782,0.0140
PLYMOUTH,3196,0.0042
RHINE,2125,0.0000
RUSSELL,370,0.0210
SCOTT,1824,0.0631
SHEBOYGAN,7439,0.0316
SHEBOYGAN FALLS,1719,-0.0000
SHERMAN,1496,0.0021
WILSON,3358,0.0543
AURORA,428,-0.0000
BROWNING,918,0.0037
CHELSEA,812,0.0074
CLEVELAND,263,0.0065
DEER CREEK,768,0.0059
FORD,268,0.0264
GOODRICH,514,0.0096
GREENWOOD,639,0.0106
GROVER,257,0.0138
HAMMEL,719,0.0454
HOLWAY,963,0.0087
JUMP RIVER,367,0.0039
LITTLE BLACK,1148,0.0038
MAPLEHURST,332,-0.0000
MCKINLEY,454,0.0058
MEDFORD,2650,0.0029
MOLITOR,327,0.0077
PERSHING,176,0.0263
RIB LAKE,862,0.0025
ROOSEVELT,467,0.0099
TAFT,423,0.0187
WESTBORO,694,0.0028
ALBION,665,0.0150
ARCADIA,1815,0.0745
BURNSIDE,509,0.0067
CALEDONIA,934,0.0107
CHIMNEY ROCK,234,0.0020
DODGE,389,0.1562
ETTRICK,1248,0.0673
GALE,1740,0.0132
HALE,1051,0.0210
LINCOLN,854,0.0064
PIGEON,902,0.0013
PRESTON,971,0.0051
SUMNER,817,-0.0885
TREMPEALEAU,1800,0.0091
UNITY,505,0.0096
BERGEN,1362,0.0148
CHRISTIANA,938,0.0142
CLINTON,1386,-0.0000
COON,741,-0.0002
FOREST,645,-0.0000
FRANKLIN,1176,0.2365
GENOA,805,0.0114
GREENWOOD,843,0.0133
HAMBURG,980,0.0000
HARMONY,784,0.0233
HILLSBORO,817,0.0212
JEFFERSON,1146,0.0318
KICKAPOO,645,0.0094
LIBERTY,263,-0.0679
STARK,369,0.0046
STERLING,622,0.3150
UNION,713,0.0997
VIROQUA,1747,0.2687
WEBSTER,807,0.2204
WHEATLAND,575,0.0048
WHITESTOWN,513,0.0077
ARBOR VITAE,3331,-0.0016
BOULDER JUNCTION,946,0.0179
CLOVERLAND,1036,0.0059
CONOVER,1238,0.0025
LAC DU FLAMBEAU,3466,0.0000
LAND O LAKES,871,0.0007
LINCOLN,2447,0.0313
MANITOWISH WATERS,583,0.0000
PHELPS,1238,0.1335
PLUM LAKE,496,0.1699
PRESQUE ISLE,632,0.0041
SAINT GERMAIN,2072,-0.0000
WASHINGTON,1469,-0.0810
WINCHESTER,388,0.0075
BLOOMFIELD,1600,0.0788
DARIEN,1698,0.0051
DELAVAN,5250,0.0416
EAST TROY,4044,0.0643
GENEVA,5017,0.0909
LA FAYETTE,1965,0.0049
LA GRANGE,2459,0.0184
LINN,2402,0.0037
LYONS,3696,-0.0000
RICHMOND,1886,0.0097
SHARON,898,0.3426
SPRING PRAIRIE,2176,-0.0185
SUGAR CREEK,3935,0.0678
TROY,2352,0.0011
WALWORTH,1692,0.0389
WHITEWATER,1485,0.0029
BARRONETT,441,0.0085
BASHAW,957,0.7775
BASS LAKE,517,-0.0000
BEAVER BROOK,719,2.3614
BIRCHWOOD,484,0.1675
BROOKLYN,256,0.0221
CASEY,358,0.0000
CHICOG,228,0.0000
CRYSTAL,264,0.0085
EVERGREEN,1133,0.0503
FROG CREEK,130,0.0030
GULL LAKE,188,0.0041
LONG LAKE,629,0.0003
MADGE,515,0.0037
MINONG,935,0.0015
SARONA,383,-0.0130
SPOONER,718,0.0125
SPRINGBROOK,437,-0.0000
STINNETT,238,-0.6250
STONE LAKE,507,0.2936
TREGO,943,0.0084
ADDISON,3459,0.0005
BARTON,2638,0.0069
ERIN,3762,0.0000
FARMINGTON,4034,0.0068
GERMANTOWN,248,0.0507
HARTFORD,3587,0.0019
JACKSON,4340,0.0227
KEWASKUM,1053,-0.0000
POLK,3979,0.6013
TRENTON,4743,0.0081
WAYNE,2185,0.0066
WEST BEND,4777,0.0391
BROOKFIELD,6049,0.0000
DELAFIELD,8227,-0.0149
EAGLE,3507,-0.0074
GENESEE,7348,0.1346
LISBON,10250,0.0251
MERTON,8402,0.0199
MUKWONAGO,8020,0.0063
OCONOMOWOC,8609,0.0467
OTTAWA,3880,0.0042
VERNON,7632,0.0175
WAUKESHA,9170,0.0000
BEAR CREEK,819,0.0129
CALEDONIA,1658,-0.0159
DAYTON,2757,0.0018
DUPONT,734,0.0038
FARMINGTON,4009,0.0000
FREMONT,590,0.0084
HARRISON,471,-0.0000
HELVETIA,631,0.0100
IOLA,984,0.0060
LARRABEE,1379,0.0062
LEBANON,1680,0.0108
LIND,1598,0.0078
LITTLE WOLF,1428,0.0089
MATTESON,925,0.0059
MUKWA,2965,0.9776
ROYALTON,1442,0.0100
SAINT LAWRENCE,705,0.0043
SCANDINAVIA,1069,-0.0000
UNION,808,0.0051
WAUPACA,1189,0.0000
WEYAUWEGA,567,0.0020
WYOMING,311,-0.1463
AURORA,998,0.2581
BLOOMFIELD,1071,0.0058
COLOMA,747,-0.0000
DAKOTA,1236,0.0073
DEERFIELD,755,0.0065
HANCOCK,533,0.1617
LEON,1431,0.0055
MARION,2042,-0.0000
MOUNT MORRIS,1110,0.0000
OASIS,397,0.0022
PLAINFIELD,546,0.0068
POY SIPPI,921,0.0111
RICHFORD,633,0.0069
ROSE,649,0.0040
SAXEVILLE,989,0.0066
SPRINGWATER,1280,0.0046
WARREN,667,0.0043
WAUTOMA,1276,-0.0010
ALGOMA,6957,0.0123
BLACK WOLF,2437,0.0000
CLAYTON,4053,0.1489
MENASHA,18665,0.0168
NEENAH,3492,0.0139
NEKIMI,1423,0.0446
NEPEUSKUN,733,0.0207
OMRO,2142,0.0124
OSHKOSH,2477,0.0177
POYGAN,1304,0.0060
RUSHFORD,1578,0.0071
UTICA,1317,0.0052
VINLAND,1749,-0.0662
WINCHESTER,1774,0.1607
WINNECONNE,2382,0.0060
WOLF RIVER,1197,0.0599
ARPIN,949,0.0049
AUBURNDALE,843,0.0393
CAMERON,483,0.0101
CARY,425,0.0000
CRANMOOR,162,0.0027
DEXTER,356,0.0078
GRAND RAPIDS,7699,0.0005
HANSEN,683,0.0140
HILES,164,0.0061
LINCOLN,1572,0.0089
MARSHFIELD,777,0.0039
MILLADORE,684,-0.0576
PORT EDWARDS,1420,0.5032
REMINGTON,257,-0.0003
RICHFIELD,1622,0.0079
ROCK,858,0.0139
RUDOLPH,1029,0.0112
SARATOGA,5178,0.0132
SENECA,1117,0.0202
SHERRY,810,0.0039
SIGEL,1052,0.0161
WOOD,787,0.0144
MENOMINEE,4244,0.0255
STATE TOTALS,5753324,0.0221
